LINK,TITLE,LOCATION
https://stackoverflow.com/jobs/534870,Site Reliability Engineer,"Columbus, OH"
https://stackoverflow.com/jobs/528671,Sr. Director of Technology - Network Connectivity,"McLean, VA"
https://stackoverflow.com/jobs/530950,Site Reliability Engineer,No office location
https://stackoverflow.com/jobs/531235,"Site Reliability Engineer (SRE), Apple Cloud Services","Seattle, WA"
https://stackoverflow.com/jobs/487604,Associate IoT Systems Engineer,No office location
https://stackoverflow.com/jobs/535414,Site Reliability Engineer,"Columbus, OH"
https://stackoverflow.com/jobs/282647,Senior Cloud Developer (m/w/d),"Hamburg, Germany"
https://stackoverflow.com/jobs/512740,Senior IoT Systems Engineer,No office location
https://stackoverflow.com/jobs/529488,"Site Reliability Engineer (SRE), Apple Cloud Services","Seattle, WA"
https://stackoverflow.com/jobs/506044,Cloud Support Engineer (Remote),No office location
https://stackoverflow.com/jobs/522926,Ubuntu Server Product Manager,No office location
https://stackoverflow.com/jobs/535361,IoT Field Engineering Manager,No office location
https://stackoverflow.com/jobs/466448,Embedded C/C++ Developer in Lyngby,"Kongens Lyngby, Denmark"
https://stackoverflow.com/jobs/521740,Senior Linux Systems Developer,"Orlando, FL"
https://stackoverflow.com/jobs/529284,Architect,"Toronto, ON, Canada"
https://stackoverflow.com/jobs/522040,IOS Developer,"Orlando, FL"
https://stackoverflow.com/jobs/533105,(Senior) Software Engineer C++ Simulation of Driver Assistance Functions (f/m/x),"München, Deutschland"
https://stackoverflow.com/jobs/468440,Linux/C++ Embedded Developer,"Struer, Denmark"
https://stackoverflow.com/jobs/534504,Embedded IoT Engineer (C++ / Yocto Linux / RTOS) (m/f/d),"München, Deutschland"
https://stackoverflow.com/jobs/159468,C++ Developer Disrupting TV,"Oslo, Norway"
https://stackoverflow.com/jobs/534819,Senior C++ Software Engineer - System Functions (f/m/x),"Ulm, Deutschland"
https://stackoverflow.com/jobs/531234,"Site Reliability Engineer (SRE), Apple Cloud Services","Seattle, WA"
https://stackoverflow.com/jobs/525018,Senior Network Engineer,"Washington, DC"
https://stackoverflow.com/jobs/525444,Software Engineer,"Irvine, CA"
https://stackoverflow.com/jobs/531531,Linux Server Test Engineer,"Cupertino, CA"
https://stackoverflow.com/jobs/530366,Business Analyst - Strategic Data Solutions,"Austin, TX"
https://stackoverflow.com/jobs/534266,Software Engineer - Docker Images & Community,No office location
https://stackoverflow.com/jobs/528219,Senior QA Automation Engineer,"Los Angeles, CA"
https://stackoverflow.com/jobs/532904,Developer / Software Test Engineer E-Commerce (m/w/d),"Düsseldorf, Germany"
https://stackoverflow.com/jobs/519108,Staff Software Engineer - New Vertical Pet Health-R8301,"Boston, MA"
https://stackoverflow.com/jobs/524801,QA Engineer - Remote,No office location
https://stackoverflow.com/jobs/534762,Senior Software Engineer (AWS),"Pasadena, CA"
https://stackoverflow.com/jobs/530681,Senior Software QA Test Engineer,No office location
https://stackoverflow.com/jobs/531062,QA Engineer,"Amsterdam, Netherlands"
https://stackoverflow.com/jobs/535498,Mobile QA Engineer for George (all genders),"Wien, Österreich"
https://stackoverflow.com/jobs/517292,QA Tester,"Berlin, Germany"
https://stackoverflow.com/jobs/522889,Senior Developer,No office location
https://stackoverflow.com/jobs/535312,FPGA Engineer,"Amsterdam, Netherlands"
https://stackoverflow.com/jobs/512385,Senior Java Software Engineer - Pet Health-R8422,"Boston, MA"
https://stackoverflow.com/jobs/219487,Software Development Engineer in Test,No office location
https://stackoverflow.com/jobs/530329,QA Engineer / Ingénieur QA,"Marseille, France"
https://stackoverflow.com/jobs/531155,Senior Quality Engineer,No office location
https://stackoverflow.com/jobs/534198,Test Engineer for Big Data (Mid or Senior),"Kraków, Poland"
https://stackoverflow.com/jobs/530920,Group Chapter Lead - Test Engineering,"Eveleigh, Australia"
https://stackoverflow.com/jobs/535489,Senior Manual Quality Assurance Engineer (Remote/ Work from home),No office location
https://stackoverflow.com/jobs/526397,QA Engineer (m/f/d),"Berlin, Germany"
https://stackoverflow.com/jobs/517534,SecOps Engineer - Location Flexible,No office location
https://stackoverflow.com/jobs/531155,Senior Quality Engineer,No office location
https://stackoverflow.com/jobs/530500,"Test Automation Engineer, VMware Carbon Black"h"tps://stackoverflow.com/jobs/522661f,Sofia, Bulgarianeer,No office locationms Engineer,No 
https://stackoverflow.com/jobs/528746,https://stackoverflow.com/jobs/534010,QA Automation Engineer (Remote)",o office location
Senior Technology Consultant (m/w/d),"e"Bonn, DeutschlandVh,tps://stackoverflow.com/jobs/535539n"
BGöteborg, Swede
bal Online Expe"
https://stackoverflow.com/jobs/528145,Middl://stackoverflow.com/jobs/523623,"ead Software Quality Engineer,https://stackoverflow"
om/jobs,45843"
Software Engineer - Juju,No office location
https://stackoverflow.com/jobs/528450,https://stackoverflowNo office locatihSenior Developer,No office location
- Go (Golang),https://stackoverf
ow.com/jobs/522856anager,No office l,Software Engineer in Test,No office location
https://stackoverflow.com/jobs/432930,Senior Frontend Developer,"Berlin, Germany"
https://stackoverflow.com/jobs/530543,https://stackoverflow.com/jobs/410377exa Communications,hIrvine, CA"
overflow.com/jobs/53557,""Berlin, Germany"
Senior Engineering Manager, Core Product - Cisco Meraki",No office location
https://stackoverflow.com/jobs/523426,Developer Stack Online Storage,"Leiden, Netherlands"
https://stackoverflow.com/jobs/523788,Senior Platform Services Engineer (Java & Kotlin),"Atlanta, GA"
https://stackoverflow.com/jobs/508686,Sr Backend Engineer,"Culver City, CA"
https://stackoverflow.com/jobs/417795,Sr. DevOps Engineer,"Reston, VA"
https://stackoverflow.com/jobs/519106,Staff Software Engineer - New Vertical Pet Health (R8301),"Minneapolis, MN"
https://stackoverflow.com/jobs/522617,Software Engineer - Go - Distributed Systems,No office location
https://stackoverflow.com/jobs/439740,Senior Software Engineer - (Golang) (,lobal Service Tech) (f/m/d),""erlin, Germany"
Senior Staff Software Engineer, IdentityNow","Austin, TX"
https://stackoverflow.com/jobs/529913,Senior Android Developer,https://stackoverflow.cohttps://stackoverflow.com/jobs/518798,Senior Blockchain iOS Engineer,No office location
https://stackoverflow.com/jobs/519108,s://stackoverflow.com/jobs/534266,So,,Senior DevOps En,No office locationl"w.com/jobs/508329,
Boston, MA Engineer (m/f/x),No officeA
ckland, New Zeal
nd"
https://stackoverflow.com/jobs/505637,Lead Backend Developer / Go (m/f/x),No office location
"https://stackoverflow.com/jobs/504962, Remote)",ny"
https://stackoverflow.com/jobs/51,"Berlin, Germany"
https://stackoverflow.com/jobs/534721,No office locationow.com/jobs/532848Cloud Platform Engineer,No office location
Golang Developer - REMOTE WORK,No office location
Web Engineer,No office location
https://stackoverflow.com/jobs/529523,Go Developer,No office location
"https://stackoverflow.com/jobs/517133,Go DeveloperS"te Reliability Engineer - OneID (UK only, 100% remote)","https://stackover"
ow.com/jobs/534033498,,No office location
https://stackoverflow.com/jobs/532907,Go backend software engineer,No office location
https://stackoverflow.com/jobs/528768,GO Software Engineer,"Chicago, IL"
loper,No office location
https://stackoverflow.com/jobs/535312,FPGA Engineer,"Amsterdam, Netherlands"
https://stackoverflow.com/jobs/512385,Senior Java Software Engineer - Pet Health-R8422,"Boston, MA"
https://stackoverflow.com/jobs/219487,Software Development Engineer in Test,No office location
https://stackoverflow.com/jobs/530329,QA Engineer / Ingénieur QA,"Marseille, France"
https://stackoverflow.com/jobs/531155,Senior Quality Engineer,No office location
https://stackoverflow.com/jobs/534198,Test Engineer for Big Data (Mid or Senior),"Kraków, Poland"
https://stackoverflow.com/jobs/530920,Group Chapter Lead - Test Engineering,"Eveleigh, Australia"
https://stackoverflow.com/jobs/535489,Senior Manual Quality Assurance Engineer (Remote/https://stackoverflow.com/jobs/530973,Senior QE Automation Engineer,"Nuremberg, Germany"
f/d),"Berlin, Germany"
https://stacko,Go developer,No office location
https://stackoverflow.com/jobs/500206,ocation
https://stackoverflow.com/jo,Senior Golang EngineerS,London, UK,"Hoofddorp, Netherlands"
https://stackoverflow.com/jobs/524105,Web Engineer,No office location
https://stackoverflow.com/jobs/506058https://stackoverflow.com/jobs/517133e,Go DeveloperBackend Developer (m/f/d),verflow.com,""Hamburg, DeutschlandS
"
https://stackoverflow.com/jobs/453434,Golang Engineer,No office location
https://stackoverflow.com/jobs/530301,Senior GoLang Software Engineer,"Cincinnati, OH"
https://stackoverflow.com/jobs/500206,GO Developer,"Hoofddorp, Netherlands"
https://stackoverflow.com/jobs/532848,Golang Developer - REMOTE WORK,No office location
https://stackoverflow.com/jobs/532907,Senior Go (Golang) Developer (m/f/d),"Frankfurt am Main, Deutschland"
https://stackoverflow.com/jobs/530528,,Go Developer (Remote),Go backend software engineerNo office locationr
No office location
anager,No office l,Software Engineer ,Senior GoLang Developer,No office location
https://stackoverflow.com/jobs/244993https://stackoverflow.com/jobs/129002t,Engineering ManagerGo Developers,No office location
No office location
https://stackoverflow.com/jobs/518174,Golang Engineer,"Kyiv, Ukraine"
https://stackoverflow.com/jobs/523359,Go Engineer for Distributed Systems (Ukraine & Turkey),No office location
Developer Stack Online Storage,"Leide,Golang Developer,No office location
.com/jobs/523788,Senior Platform Services Engineer (Java & Kotlin),"Atlanta, GA"
https://stackoverflow.com/jobs/508686,Sr Backend Engineer,"Culver City, CA"
https://stackoverflow.com/jobs/417795,Sr. DevOps Engineer,"Reston, VA"
https://stackoverflow.com/jobs/519106,Staff Software Engineer - New Vertical Pet Health (R8301),"Minneapolis, MN"
https://stackoverflow.com/jobs/522617,Software Engineer - Go - Distributed Systems,No office location
https://stackoverflow.com/jobs/439740,Senior Software Engineer - (Golang) (,lobal Service Tech) (f/m/d),""erlin, Germany"
Senior Staff Software Engineer, IdentityNow","Austin, TX"
https://stackoverflow.com/jobs/529913,Senior Android Developer,https://stackoverflow.cohttps://stackoverflow.com/jobs/518798,Senior Blockchain iOS Engineer,No office location
https://stackoverflow.com/jobs/519108,s://stackoverflow.com/jobs/534266,So,,Senior DevOps En,No office locationl"w.com/jobs/508329,
Boston, MA Engineer (m/f/x),No officeA
ckland, New Zeal
nd"
https://stackoverflow.com/jobs/505637,Lead Backend Developer / Go (m/f/x),No office location
"https://stackoverflow.com/jobs/504962, Remote)",ny"
https://stackoverflow.com/jobs/51,"Berlin, Germany"
https://stackoverflow.com/jobs/534721,No office locationow.com/jobs/532848Cloud Platform Engineer,No office location
Golang Developer - REMOTE WORK,No office location
Web Engineer,No office location
https://stackoverflow.com/jobs/529523,Go Developer,No office location
"https://stackoverflow.com/jobs/517133,Go DeveloperS"te Reliability Engineer - OneID (UK only, 100% remote)","https://stackover"
ow.com/jobs/534033498,,No office location
https://stackoverflow.com/jobs/532907,Go backend software engineer,No office location
https://stackoverflow.com/jobs/528768,GO Software Engineer,"Chicago, IL"
https://stackoverflow.com/jobs/454973,Go Engineer for Distributed Systems (Ukraine & Turkey),No office location
https://stackoverflow.com/jobs/523359,Golang Developer,No office location
https://stackoverflow.com/jobs/244993,Engineering Manager,No office location
https://stackoverflow.com/jobs/524104,Senior Blockchain Engineer,No office location
/ Ingénieur QA,"Marseille, France"
hhAndroid Engineerflow.com/jobs/512015S,No office location
Frankfurt am Main, Deutschland"
https://stackoverflow.com/jobs/534461,Ruby & Go Developer (Remote),No office location
https://stackoverflow.com/jobs/287208,Senior Go Backend Developer (m/f/x),No office location
https://stackoverflow.com/jobs/506058,(Senior) Go Backend Developer (m/f/d),"Hamburg, Deutschlahttps://stackoverflow.com/jobs/518174,Golang Engineer,"Kyiv, Ukraine"
uremberg, Germany"
f/d),"Berlin, Germany"
https://stacko,Go developer,No office location
https://stackoverflow.com/jobs/500206,ocation
https://stackoverflow.com/jo,Senior Golang EngineerS,London, UK,"Hoofddorp, Netherlands"
https://stackoverflow.com/jobs/524105,Web Engineer,No office location
https://stackoverflow.com/jobs/506058https://stackoverflow.com/jobs/517133e,Go DeveloperBackend Developer (m/f/d),verflow.com,""Hamburg, DeutschlandS
"
https://stackoverflow.com/jobs/453434,Golang Engineer,No office location
https://stackoverflow.com/jobs/530301,Senior GoLang Software Engineer,"Cincinnati, OH"
https://stackoverflow.com/jobs/500206,GO Developer,"Hoofddorp, Netherlands"
https://stackoverflow.com/jobs/532848,Golang Developer - REMOTE WORK,No office location
https://stackoverflow.com/jobs/532907,Senior Go (Golang) Developer (m/f/d),"Frankfurt am Main, Deutschland"
https://stackoverflow.com/jobs/530528,,Go Developer (Remote),Go backend software engineerNo office locationr
No office location
anager,No office l,Software Engineer ,Senior GoLang Developer,No office location
https://stackoverflow.com/jobs/244993https://stackoverflow.com/jobs/129002t,Engineering ManagerGo Developers,No office location
No office location
https://stackoverflow.com/jobs/518174,Golang Engineer,"Kyiv, Ukraine"
https://stackoverflow.com/jobs/523359,Go Engineer for Distributed Systems (Ukraine & Turkey),No office location
Developer Stack Online Storage,"Leide,Golang Developer,No office location
https://stackoverflow.com/jobs/287208,GO Software Engineer,"Chicago, IL"
ta, GA"
https://stackoverflow.com/job,Senior Go Backend Developer (m/f/x),No office location
https://stackoverflow.com/jobs/530973,Go developer,No office location
https://stackoverflow.com/jobs/524104,Android Engineer,No office locationhttps://stackoverflow.com/jobs/526036s,Senior Blockchain Engineer,No office location
https://stackoverflow.com/jobs/534461,Ruby & Go Developer (Remote),No office location
https://stackoverflow.com/jobs/525823,Golang Software Engineer,No office location
ny"
Senior Staff Software Engineer, IdentityNow","Austin, TX"
https://stackoverflow.com/jobs/529913,Senior Android Developer,https://stackoverflow.cohttps://stackoverflow.com/jobs/518798,Senior Blockchain iOS Engineer,No office location
https://stackoverflow.com/jobs/519108,s://stackoverflow.com/jobs/534266,So,,Senior DevOps En,No office locationl"w.com/jobs/508329,
Boston, MA Engineer (m/f/x),No officeA
ckland, New Zeal
nd"
https://stackoverflow.com/jobs/505637,Lead Backend Developer / Go (m/f/x),No office location
"https://stackoverflow.com/jobs/504962, Remote)",ny"
https://stackoverflow.com/jobs/51,"Berlin, Germany"
https://stackoverflow.com/jobs/534721,No office locationow.com/jobs/532848Cloud Platform Engineer,No office location
Golang Developer - REMOTE WORK,No office location
Web Engineer,No office location
https://stackoverflow.com/jobs/529523,Go Developer,No office location
"https://stackoverflow.com/jobs/517133,Go DeveloperS"te Reliability Engineer - OneID (UK only, 100% remote)","https://stackover"
ow.com/jobs/534033498,,No office location
https://stackoverflow.com/jobs/532907,Go backend software engineer,No office location
https://stackoverflow.com/jobs/528768,GO Software Engineer,"Chicago, IL"
https://stackoverflow.com/jobs/454973,Go Engineer for Distributed Systems (Ukraine & Turkey),No office location
https://stackoverflow.com/jobs/523359,Golang Developer,No office location
https://stackoverflow.com/jobs/244993,Engineering Manager,No office location
https://stackoverflow.com/jobs/524104,Senior Blockchain Engineer,No office location
/ Ingénieur QA,"Marseille, France"
hhAndroid Engineerflow.com/jobs/512015S,No office location
Frankfurt am Main, Deutschland"
https://stackoverflow.com/jobs/534461,Ruby & Go Developer (Remote),No office location
https://stackoverflow.com/jobs/287208,Senior Go Backend Developer (m/f/x),No office location
https://stackoverflow.com/jobs/506058,(Senior) Go Backend Developer (m/f/d),"Hamburg, Deutschlahttps://stackoverflow.com/jobs/530500,"Test Automation Engineer, VMware Carbon Black","Sofia, Bulgaria"
ermany"
https://stacko,Go developer,No office location
https://stackoverflow.com/jobs/500206,ocation
https://stackoverflow.com/jo,Senior Golang EngineerS,London, UK,"Hoofddorp, Netherlands"
https://stackoverflow.com/jobs/524105,Web Engineer,No office location
https://stackoverflow.com/jobs/506058https://stackoverflow.com/jobs/517133e,Go DeveloperBackend Developer (m/f/d),verflow.com,""Hamburg, DeutschlandS
"
https://stackoverflow.com/jobs/453434,Golang Engineer,No office location
https://stackoverflow.com/jobs/530301,Senior GoLang Software Engineer,"Cincinnati, OH"
https://stackoverflow.com/jobs/500206,GO Developer,"Hoofddorp, Netherlands"
https://stackoverflow.com/jobs/532848,Golang Developer - REMOTE WORK,No office location
https://stackoverflow.com/jobs/532907,Senior Go (Golang) Developer (m/f/d),"Frankfurt am Main, Deutschland"
https://stackoverflow.com/jobs/530528,,Go Developer (Remote),Go backend software engineerNo office locationr
No office location
anager,No office l,Software Engineer ,Senior GoLang Developer,No office location
https://stackoverflow.com/jobs/244993https://stackoverflow.com/jobs/129002t,Engineering ManagerGo Developers,No office location
No office location
https://stackoverflow.com/jobs/518174,Golang Engineer,"Kyiv, Ukraine"
https://stackoverflow.com/jobs/523359,Go Engineer for Distributed Systems (Ukraine & Turkey),No office location
Developer Stack Online Storage,"Leide,Golang Developer,No office location
https://stackoverflow.com/jobs/287208,GO Software Engineer,"Chicago, IL"
ta, GA"
https://stackoverflow.com/job,Senior Go Backend Developer (m/f/x),No office location
https://stackoverflow.com/jobs/530973,Go developer,No office location
https://stackoverflow.com/jobs/524104,Android Engineer,No office locationhttps://stackoverflow.com/jobs/526036s,Senior Blockchain Engineer,No office location
https://stackoverflow.com/jobs/534461,Ruby & Go Developer (Remote),No office location
https://stackoverflow.com/jobs/525823,Golang Software Engineer,No office location
ny"
Senior Staff Software Engineer, IdentityNow","Austin, TX"
https://stackoverflow.com/jobs/529913,Senior Android Developer,https://stackoverflow.cohttps://stackoverflow.com/jobs/518798,Senior Blockchain iOS Engineer,No office location
https://stackoverflow.com/jobs/519108,s://stackoverflow.com/jobs/534266,So,,Senior DevOps En,No office locationl"w.com/jobs/508329,
Boston, MA Engineer (m/f/x),No officeA
ckland, New Zeal
nd"
https://stackoverflow.com/jobs/505637,Lead Backend Developer / Go (m/f/x),No office location
"https://stackoverflow.com/jobs/504962, Remote)",ny"
https://stackoverflow.com/jobs/51,"Berlin, Germany"
https://stackoverflow.com/jobs/534721,No office locationow.com/jobs/532848Cloud Platform Engineer,No office location
Golang Developer - REMOTE WORK,No office location
Web Engineer,No office location
https://stackoverflow.com/jobs/529523,Go Developer,No office location
"https://stackoverflow.com/jobs/517133,Go DeveloperS"te Reliability Engineer - OneID (UK only, 100% remote)","https://stackover"
ow.com/jobs/534033498,,No office location
https://stackoverflow.com/jobs/532907,Go backend software engineer,No office location
https://stackoverflow.com/jobs/528768,GO Software Engineer,"Chicago, IL"
https://stackoverflow.com/jobs/454973,Go Engineer for Distributed Systems (Ukraine & Turkey),No office location
https://stackoverflow.com/jobs/523359,Golang Developer,No office location
https://stackoverflow.com/jobs/244993,Engineering Manager,No office location
https://stackoverflow.com/jobs/524104,Senior Blockchain Engineer,No office location
/ Ingénieur QA,"Marseille, France"
hhAndroid Engineerflow.com/jobs/512015S,No office location
Frankfurt am Main, Deutschland"
https://stackoverflow.com/jobs/534461,Ruby & Go Developer (Remote),No office location
https://stackoverflow.com/jobs/287208,Senior Go Backend Developer (m/f/x),No office location
https://stackoverflow.com/jobs/506058,(Senior) Go Backend Developer (m/f/d),"Hamburg, Deutschlahttps://stackoverflow.com/jobs/517731,Site Reliability Engineer,No office location
k","Sofia, Bulgaria"
ermany"
https://stacko,Go developer,No office location
https://stackoverflow.com/jobs/500206,ocation
https://stackoverflow.com/jo,Senior Golang EngineerS,London, UK,"Hoofddorp, Netherlands"
https://stackoverflow.com/jobs/524105,Web Engineer,No office location
https://stackoverflow.com/jobs/506058https://stackoverflow.com/jobs/517133e,Go DeveloperBackend Developer (m/f/d),verflow.com,""Hamburg, DeutschlandS
"
https://stackoverflow.com/jobs/453434,Golang Engineer,No office location
https://stackoverflow.com/jobs/530301,Senior GoLang Software Engineer,"Cincinnati, OH"
https://stackoverflow.com/jobs/500206,GO Developer,"Hoofddorp, Netherlands"
https://stackoverflow.com/jobs/532848,Golang Developer - REMOTE WORK,No office location
https://stackoverflow.com/jobs/532907,Senior Go (Golang) Developer (m/f/d),"Frankfurt am Main, Deutschland"
https://stackoverflow.com/jobs/530528,,Go Developer (Remote),Go backend software engineerNo office locationr
No office location
anager,No office l,Software Engineer ,Senior GoLang Developer,No office location
https://stackoverflow.com/jobs/244993https://stackoverflow.com/jobs/129002t,Engineering ManagerGo Developers,No office location
No office location
https://stackoverflow.com/jobs/518174,Golang Engineer,"Kyiv, Ukraine"
https://stackoverflow.com/jobs/523359,Go Engineer for Distributed Systems (Ukraine & Turkey),No office location
Developer Stack Online Storage,"Leide,Golang Developer,No office location
https://stackoverflow.com/jobs/287208,GO Software Engineer,"Chicago, IL"
ta, GA"
https://stackoverflow.com/job,Senior Go Backend Developer (m/f/x),No office location
https://stackoverflow.com/jobs/530973,Go developer,No office location
https://stackoverflow.com/jobs/524104,Android Engineer,No office locationhttps://stackoverflow.com/jobs/526036s,Senior Blockchain Engineer,No office location
https://stackoverflow.com/jobs/534461,Ruby & Go Developer (Remote),No office location
https://stackoverflow.com/jobs/525823,Golang Software Engineer,No office location
ny"
Senior Staff Software Engineer, IdentityNow","Austin, TX"
https://stackoverflow.com/jobs/529913,Senior Android Developer,https://stackoverflow.cohttps://stackoverflow.com/jobs/518798,Senior Blockchain iOS Engineer,No office location
https://stackoverflow.com/jobs/519108,s://stackoverflow.com/jobs/534266,So,,Senior DevOps En,No office locationl"w.com/jobs/508329,
Boston, MA Engineer (m/f/x),No officeA
ckland, New Zeal
nd"
https://stackoverflow.com/jobs/505637,Lead Backend Developer / Go (m/f/x),No office location
"https://stackoverflow.com/jobs/504962, Remote)",ny"
https://stackoverflow.com/jobs/51,"Berlin, Germany"
https://stackoverflow.com/jobs/534721,No office locationow.com/jobs/532848Cloud Platform Engineer,No office location
Golang Developer - REMOTE WORK,No office location
Web Engineer,No office location
https://stackoverflow.com/jobs/529523,Go Developer,No office location
"https://stackoverflow.com/jobs/517133,Go DeveloperS"te Reliability Engineer - OneID (UK only, 100% remote)","https://stackover"
ow.com/jobs/534033498,,No office location
https://stackoverflow.com/jobs/532907,Go backend software engineer,No office location
https://stackoverflow.com/jobs/528768,GO Software Engineer,"Chicago, IL"
https://stackoverflow.com/jobs/454973,Go Engineer for Distributed Systems (Ukraine & Turkey),No office location
https://stackoverflow.com/jobs/523359,Golang Developer,No office location
https://stackoverflow.com/jobs/244993,Engineering Manager,No office location
https://stackoverflow.com/jobs/524104,Senior Blockchain Engineer,No office location
/ Ingénieur QA,"Marseille, France"
hhAndroid Engineerflow.com/jobs/512015S,No office location
Frankfurt am Main, Deutschland"
https://stackoverflow.com/jobs/534461,Ruby & Go Developer (Remote),No office location
https://stackoverflow.com/jobs/287208,Senior Go Backend Developer (m/f/x),No office location
https://stackoverflow.com/jobs/506058,(Senior) Go Backend Developer (m/f/d),"Hamburg, Deutschlahttps://stackoverflow.com/jobs/531567,Senior QA Automation Engineer,"Arlington, VA"
","Sofia, Bulgaria"
ermany"
https://stacko,Go developer,No office location
https://stackoverflow.com/jobs/500206,ocation
https://stackoverflow.com/jo,Senior Golang EngineerS,London, UK,"Hoofddorp, Netherlands"
https://stackoverflow.com/jobs/524105,Web Engineer,No office location
https://stackoverflow.com/jobs/506058https://stackoverflow.com/jobs/517133e,Go DeveloperBackend Developer (m/f/d),verflow.com,""Hamburg, DeutschlandS
"
https://stackoverflow.com/jobs/453434,Golang Engineer,No office location
https://stackoverflow.com/jobs/530301,Senior GoLang Software Engineer,"Cincinnati, OH"
https://stackoverflow.com/jobs/500206,GO Developer,"Hoofddorp, Netherlands"
https://stackoverflow.com/jobs/532848,Golang Developer - REMOTE WORK,No office location
https://stackoverflow.com/jobs/532907,Senior Go (Golang) Developer (m/f/d),"Frankfurt am Main, Deutschland"
https://stackoverflow.com/jobs/530528,,Go Developer (Remote),Go backend software engineerNo office locationr
No office location
anager,No office l,Software Engineer ,Senior GoLang Developer,No office location
https://stackoverflow.com/jobs/244993https://stackoverflow.com/jobs/129002t,Engineering ManagerGo Developers,No office location
No office location
https://stackoverflow.com/jobs/518174,Golang Engineer,"Kyiv, Ukraine"
https://stackoverflow.com/jobs/523359,Go Engineer for Distributed Systems (Ukraine & Turkey),No office location
Developer Stack Online Storage,"Leide,Golang Developer,No office location
https://stackoverflow.com/jobs/287208,GO Software Engineer,"Chicago, IL"
ta, GA"
https://stackoverflow.com/job,Senior Go Backend Developer (m/f/x),No office location
https://stackoverflow.com/jobs/530973,Go developer,No office location
https://stackoverflow.com/jobs/524104,Android Engineer,No office locationhttps://stackoverflow.com/jobs/526036s,Senior Blockchain Engineer,No office location
https://stackoverflow.com/jobs/534461,Ruby & Go Developer (Remote),No office location
https://stackoverflow.com/jobs/525823,Golang Software Engineer,No office location
ny"
Senior Staff Software Engineer, IdentityNow","Austin, TX"
https://stackoverflow.com/jobs/529913,Senior Android Developer,https://stackoverflow.cohttps://stackoverflow.com/jobs/518798,Senior Blockchain iOS Engineer,No office location
https://stackoverflow.com/jobs/519108,s://stackoverflow.com/jobs/534266,So,,Senior DevOps En,No office locationl"w.com/jobs/508329,
Boston, MA Engineer (m/f/x),No officeA
ckland, New Zeal
nd"
https://stackoverflow.com/jobs/505637,Lead Backend Developer / Go (m/f/x),No office location
"https://stackoverflow.com/jobs/504962, Remote)",ny"
https://stackoverflow.com/jobs/51,"Berlin, Germany"
https://stackoverflow.com/jobs/534721,No office locationow.com/jobs/532848Cloud Platform Engineer,No office location
Golang Developer - REMOTE WORK,No office location
Web Engineer,No office location
https://stackoverflow.com/jobs/529523,Go Developer,No office location
"https://stackoverflow.com/jobs/517133,Go DeveloperS"te Reliability Engineer - OneID (UK only, 100% remote)","https://stackover"
ow.com/jobs/534033498,,No office location
https://stackoverflow.com/jobs/532907,Go backend software engineer,No office location
https://stackoverflow.com/jobs/528768,GO Software Engineer,"Chicago, IL"
https://stackoverflow.com/jobs/454973,Go Engineer for Distributed Systems (Ukraine & Turkey),No office location
https://stackoverflow.com/jobs/523359,Golang Developer,No office location
https://stackoverflow.com/jobs/244993,Engineering Manager,No office location
https://stackoverflow.com/jobs/524104,Senior Blockchain Engineer,No office location
/ Ingénieur QA,"Marseille, France"
hhAndroid Engineerflow.com/jobs/512015S,No office location
Frankfurt am Main, Deutschland"
https://stackoverflow.com/jobs/534461,Ruby & Go Developer (Remote),No office location
https://stackoverflow.com/jobs/287208,Senior Go Backend Developer (m/f/x),No office location
https://stackoverflow.com/jobs/506058,(Senior) Go Backend Developer (m/f/d),"Hamburg, Deutschlahttps://stackoverflow.com/jobs/466449,Linux/C++ Embedded Developer,"Kongens Lyngby, Denmark"
 Bulgaria"
ermany"
https://stacko,Go developer,No office location
https://stackoverflow.com/jobs/500206,ocation
https://stackoverflow.com/jo,Senior Golang EngineerS,London, UK,"Hoofddorp, Netherlands"
https://stackoverflow.com/jobs/524105,Web Engineer,No office location
https://stackoverflow.com/jobs/506058https://stackoverflow.com/jobs/517133e,Go DeveloperBackend Developer (m/f/d),verflow.com,""Hamburg, DeutschlandS
"
https://stackoverflow.com/jobs/453434,Golang Engineer,No office location
https://stackoverflow.com/jobs/530301,Senior GoLang Software Engineer,"Cincinnati, OH"
https://stackoverflow.com/jobs/500206,GO Developer,"Hoofddorp, Netherlands"
https://stackoverflow.com/jobs/532848,Golang Developer - REMOTE WORK,No office location
https://stackoverflow.com/jobs/532907,Senior Go (Golang) Developer (m/f/d),"Frankfurt am Main, Deutschland"
https://stackoverflow.com/jobs/530528,,Go Developer (Remote),Go backend software engineerNo office locationr
No office location
anager,No office l,Software Engineer ,Senior GoLang Developer,No office location
https://stackoverflow.com/jobs/244993https://stackoverflow.com/jobs/129002t,Engineering ManagerGo Developers,No office location
No office location
https://stackoverflow.com/jobs/518174,Golang Engineer,"Kyiv, Ukraine"
https://stackoverflow.com/jobs/523359,Go Engineer for Distributed Systems (Ukraine & Turkey),No office location
Developer Stack Online Storage,"Leide,Golang Developer,No office location
https://stackoverflow.com/jobs/287208,GO Software Engineer,"Chicago, IL"
ta, GA"
https://stackoverflow.com/job,Senior Go Backend Developer (m/f/x),No office location
https://stackoverflow.com/jobs/530973,Go developer,No office location
https://stackoverflow.com/jobs/524104,Android Engineer,No office locationhttps://stackoverflow.com/jobs/526036s,Senior Blockchain Engineer,No office location
https://stackoverflow.com/jobs/534461,Ruby & Go Developer (Remote),No office location
https://stackoverflow.com/jobs/525823,Golang Software Engineer,No office location
ny"
Senior Staff Software Engineer, IdentityNow","Austin, TX"
https://stackoverflow.com/jobs/529913,Senior Android Developer,https://stackoverflow.cohttps://stackoverflow.com/jobs/518798,Senior Blockchain iOS Engineer,No office location
https://stackoverflow.com/jobs/519108,s://stackoverflow.com/jobs/534266,So,,Senior DevOps En,No office locationl"w.com/jobs/508329,
Boston, MA Engineer (m/f/x),No officeA
ckland, New Zeal
nd"
https://stackoverflow.com/jobs/505637,Lead Backend Developer / Go (m/f/x),No office location
"https://stackoverflow.com/jobs/504962, Remote)",ny"
https://stackoverflow.com/jobs/51,"Berlin, Germany"
https://stackoverflow.com/jobs/534721,No office locationow.com/jobs/532848Cloud Platform Engineer,No office location
Golang Developer - REMOTE WORK,No office location
Web Engineer,No office location
https://stackoverflow.com/jobs/529523,Go Developer,No office location
"https://stackoverflow.com/jobs/517133,Go DeveloperS"te Reliability Engineer - OneID (UK only, 100% remote)","https://stackover"
ow.com/jobs/534033498,,No office location
https://stackoverflow.com/jobs/532907,Go backend software engineer,No office location
https://stackoverflow.com/jobs/528768,GO Software Engineer,"Chicago, IL"
https://stackoverflow.com/jobs/454973,Go Engineer for Distributed Systems (Ukraine & Turkey),No office location
https://stackoverflow.com/jobs/523359,Golang Developer,No office location
https://stackoverflow.com/jobs/244993,Engineering Manager,No office location
https://stackoverflow.com/jobs/524104,Senior Blockchain Engineer,No office location
/ Ingénieur QA,"Marseille, France"
hhAndroid Engineerflow.com/jobs/512015S,No office location
Frankfurt am Main, Deutschland"
https://stackoverflow.com/jobs/534461,Ruby & Go Developer (Remote),No office location
https://stackoverflow.com/jobs/287208,Senior Go Backend Developer (m/f/x),No office location
https://stackoverflow.com/jobs/506058,(Senior) Go Backend Developer (m/f/d),"Hamburg, Deutschlahttps://stackoverflow.com/jobs/512977,Software Development Engineer in Test (SDET),"Philadelphia, PA"
"
ermany"
https://stacko,Go developer,No office location
https://stackoverflow.com/jobs/500206,ocation
https://stackoverflow.com/jo,Senior Golang EngineerS,London, UK,"Hoofddorp, Netherlands"
https://stackoverflow.com/jobs/524105,Web Engineer,No office location
https://stackoverflow.com/jobs/506058https://stackoverflow.com/jobs/517133e,Go DeveloperBackend Developer (m/f/d),verflow.com,""Hamburg, DeutschlandS
"
https://stackoverflow.com/jobs/453434,Golang Engineer,No office location
https://stackoverflow.com/jobs/530301,Senior GoLang Software Engineer,"Cincinnati, OH"
https://stackoverflow.com/jobs/500206,GO Developer,"Hoofddorp, Netherlands"
https://stackoverflow.com/jobs/532848,Golang Developer - REMOTE WORK,No office location
https://stackoverflow.com/jobs/532907,Senior Go (Golang) Developer (m/f/d),"Frankfurt am Main, Deutschland"
https://stackoverflow.com/jobs/530528,,Go Developer (Remote),Go backend software engineerNo office locationr
No office location
anager,No office l,Software Engineer ,Senior GoLang Developer,No office location
https://stackoverflow.com/jobs/244993https://stackoverflow.com/jobs/129002t,Engineering ManagerGo Developers,No office location
No office location
https://stackoverflow.com/jobs/518174,Golang Engineer,"Kyiv, Ukraine"
https://stackoverflow.com/jobs/523359,Go Engineer for Distributed Systems (Ukraine & Turkey),No office location
Developer Stack Online Storage,"Leide,Golang Developer,No office location
https://stackoverflow.com/jobs/287208,GO Software Engineer,"Chicago, IL"
ta, GA"
https://stackoverflow.com/job,Senior Go Backend Developer (m/f/x),No office location
https://stackoverflow.com/jobs/530973,Go developer,No office location
https://stackoverflow.com/jobs/524104,Android Engineer,No office locationhttps://stackoverflow.com/jobs/526036s,Senior Blockchain Engineer,No office location
https://stackoverflow.com/jobs/534461,Ruby & Go Developer (Remote),No office location
https://stackoverflow.com/jobs/525823,Golang Software Engineer,No office location
ny"
Senior Staff Software Engineer, IdentityNow","Austin, TX"
https://stackoverflow.com/jobs/529913,Senior Android Developer,https://stackoverflow.cohttps://stackoverflow.com/jobs/518798,Senior Blockchain iOS Engineer,No office location
https://stackoverflow.com/jobs/519108,s://stackoverflow.com/jobs/534266,So,,Senior DevOps En,No office locationl"w.com/jobs/508329,
Boston, MA Engineer (m/f/x),No officeA
ckland, New Zeal
nd"
https://stackoverflow.com/jobs/505637,Lead Backend Developer / Go (m/f/x),No office location
"https://stackoverflow.com/jobs/504962, Remote)",ny"
https://stackoverflow.com/jobs/51,"Berlin, Germany"
https://stackoverflow.com/jobs/534721,No office locationow.com/jobs/532848Cloud Platform Engineer,No office location
Golang Developer - REMOTE WORK,No office location
Web Engineer,No office location
https://stackoverflow.com/jobs/529523,Go Developer,No office location
"https://stackoverflow.com/jobs/517133,Go DeveloperS"te Reliability Engineer - OneID (UK only, 100% remote)","https://stackover"
ow.com/jobs/534033498,,No office location
https://stackoverflow.com/jobs/532907,Go backend software engineer,No office location
https://stackoverflow.com/jobs/528768,GO Software Engineer,"Chicago, IL"
https://stackoverflow.com/jobs/454973,Go Engineer for Distributed Systems (Ukraine & Turkey),No office location
https://stackoverflow.com/jobs/523359,Golang Developer,No office location
https://stackoverflow.com/jobs/244993,Engineering Manager,No office location
https://stackoverflow.com/jobs/524104,Senior Blockchain Engineer,No office location
/ Ingénieur QA,"Marseille, France"
hhAndroid Engineerflow.com/jobs/512015S,No office location
Frankfurt am Main, Deutschland"
https://stackoverflow.com/jobs/534461,Ruby & Go Developer (Remote),No office location
https://stackoverflow.com/jobs/287208,Senior Go Backend Developer (m/f/x),No office location
https://stackoverflow.com/jobs/506058,(Senior) Go Backend Developer (m/f/d),"Hamburg, Deutschlahttps://stackoverflow.com/jobs/531009,QA Front End Team Lead - Remote,No office location
delphia, PA"
"
ermany"
https://stacko,Go developer,No office location
https://stackoverflow.com/jobs/500206,ocation
https://stackoverflow.com/jo,Senior Golang EngineerS,London, UK,"Hoofddorp, Netherlands"
https://stackoverflow.com/jobs/524105,Web Engineer,No office location
https://stackoverflow.com/jobs/506058https://stackoverflow.com/jobs/517133e,Go DeveloperBackend Developer (m/f/d),verflow.com,""Hamburg, DeutschlandS
"
https://stackoverflow.com/jobs/453434,Golang Engineer,No office location
https://stackoverflow.com/jobs/530301,Senior GoLang Software Engineer,"Cincinnati, OH"
https://stackoverflow.com/jobs/500206,GO Developer,"Hoofddorp, Netherlands"
https://stackoverflow.com/jobs/532848,Golang Developer - REMOTE WORK,No office location
https://stackoverflow.com/jobs/532907,Senior Go (Golang) Developer (m/f/d),"Frankfurt am Main, Deutschland"
https://stackoverflow.com/jobs/530528,,Go Developer (Remote),Go backend software engineerNo office locationr
No office location
anager,No office l,Software Engineer ,Senior GoLang Developer,No office location
https://stackoverflow.com/jobs/244993https://stackoverflow.com/jobs/129002t,Engineering ManagerGo Developers,No office location
No office location
https://stackoverflow.com/jobs/518174,Golang Engineer,"Kyiv, Ukraine"
https://stackoverflow.com/jobs/523359,Go Engineer for Distributed Systems (Ukraine & Turkey),No office location
Developer Stack Online Storage,"Leide,Golang Developer,No office location
https://stackoverflow.com/jobs/287208,GO Software Engineer,"Chicago, IL"
ta, GA"
https://stackoverflow.com/job,Senior Go Backend Developer (m/f/x),No office location
https://stackoverflow.com/jobs/530973,Go developer,No office location
https://stackoverflow.com/jobs/524104,Android Engineer,No office locationhttps://stackoverflow.com/jobs/526036s,Senior Blockchain Engineer,No office location
https://stackoverflow.com/jobs/534461,Ruby & Go Developer (Remote),No office location
https://stackoverflow.com/jobs/525823,Golang Software Engineer,No office location
ny"
Senior Staff Software Engineer, IdentityNow","Austin, TX"
https://stackoverflow.com/jobs/529913,Senior Android Developer,https://stackoverflow.cohttps://stackoverflow.com/jobs/518798,Senior Blockchain iOS Engineer,No office location
https://stackoverflow.com/jobs/519108,s://stackoverflow.com/jobs/534266,So,,Senior DevOps En,No office locationl"w.com/jobs/508329,
Boston, MA Engineer (m/f/x),No officeA
ckland, New Zeal
nd"
https://stackoverflow.com/jobs/505637,Lead Backend Developer / Go (m/f/x),No office location
"https://stackoverflow.com/jobs/504962, Remote)",ny"
https://stackoverflow.com/jobs/51,"Berlin, Germany"
https://stackoverflow.com/jobs/534721,No office locationow.com/jobs/532848Cloud Platform Engineer,No office location
Golang Developer - REMOTE WORK,No office location
Web Engineer,No office location
https://stackoverflow.com/jobs/529523,Go Developer,No office location
"https://stackoverflow.com/jobs/517133,Go DeveloperS"te Reliability Engineer - OneID (UK only, 100% remote)","https://stackover"
ow.com/jobs/534033498,,No office location
https://stackoverflow.com/jobs/532907,Go backend software engineer,No office location
https://stackoverflow.com/jobs/528768,GO Software Engineer,"Chicago, IL"
https://stackoverflow.com/jobs/454973,Go Engineer for Distributed Systems (Ukraine & Turkey),No office location
https://stackoverflow.com/jobs/523359,Golang Developer,No office location
https://stackoverflow.com/jobs/244993,Engineering Manager,No office location
https://stackoverflow.com/jobs/524104,Senior Blockchain Engineer,No office location
/ Ingénieur QA,"Marseille, France"
hhAndroid Engineerflow.com/jobs/512015S,No office location
Frankfurt am Main, Deutschland"
https://stackoverflow.com/jobs/534461,Ruby & Go Developer (Remote),No office location
https://stackoverflow.com/jobs/287208,Senior Go Backend Developer (m/f/x),No office location
https://stackoverflow.com/jobs/506058,(Senior) Go Backend Developer (m/f/d),"Hamburg, Deutschlahttps://stackoverflow.com/jobs/524122,QA / DevOps Engineer,No office location
e location
delphia, PA"
"
ermany"
https://stacko,Go developer,No office location
https://stackoverflow.com/jobs/500206,ocation
https://stackoverflow.com/jo,Senior Golang EngineerS,London, UK,"Hoofddorp, Netherlands"
https://stackoverflow.com/jobs/524105,Web Engineer,No office location
https://stackoverflow.com/jobs/506058https://stackoverflow.com/jobs/517133e,Go DeveloperBackend Developer (m/f/d),verflow.com,""Hamburg, DeutschlandS
"
https://stackoverflow.com/jobs/453434,Golang Engineer,No office location
https://stackoverflow.com/jobs/530301,Senior GoLang Software Engineer,"Cincinnati, OH"
https://stackoverflow.com/jobs/500206,GO Developer,"Hoofddorp, Netherlands"
https://stackoverflow.com/jobs/532848,Golang Developer - REMOTE WORK,No office location
https://stackoverflow.com/jobs/532907,Senior Go (Golang) Developer (m/f/d),"Frankfurt am Main, Deutschland"
https://stackoverflow.com/jobs/530528,,Go Developer (Remote),Go backend software engineerNo office locationr
No office location
anager,No office l,Software Engineer ,Senior GoLang Developer,No office location
https://stackoverflow.com/jobs/244993https://stackoverflow.com/jobs/129002t,Engineering ManagerGo Developers,No office location
No office location
https://stackoverflow.com/jobs/518174,Golang Engineer,"Kyiv, Ukraine"
https://stackoverflow.com/jobs/523359,Go Engineer for Distributed Systems (Ukraine & Turkey),No office location
Developer Stack Online Storage,"Leide,Golang Developer,No office location
https://stackoverflow.com/jobs/287208,GO Software Engineer,"Chicago, IL"
ta, GA"
https://stackoverflow.com/job,Senior Go Backend Developer (m/f/x),No office location
https://stackoverflow.com/jobs/530973,Go developer,No office location
https://stackoverflow.com/jobs/524104,Android Engineer,No office locationhttps://stackoverflow.com/jobs/526036s,Senior Blockchain Engineer,No office location
https://stackoverflow.com/jobs/534461,Ruby & Go Developer (Remote),No office location
https://stackoverflow.com/jobs/525823,Golang Software Engineer,No office location
ny"
Senior Staff Software Engineer, IdentityNow","Austin, TX"
https://stackoverflow.com/jobs/529913,Senior Android Developer,https://stackoverflow.cohttps://stackoverflow.com/jobs/518798,Senior Blockchain iOS Engineer,No office location
https://stackoverflow.com/jobs/519108,s://stackoverflow.com/jobs/534266,So,,Senior DevOps En,No office locationl"w.com/jobs/508329,
Boston, MA Engineer (m/f/x),No officeA
ckland, New Zeal
nd"
https://stackoverflow.com/jobs/505637,Lead Backend Developer / Go (m/f/x),No office location
"https://stackoverflow.com/jobs/504962, Remote)",ny"
https://stackoverflow.com/jobs/51,"Berlin, Germany"
https://stackoverflow.com/jobs/534721,No office locationow.com/jobs/532848Cloud Platform Engineer,No office location
Golang Developer - REMOTE WORK,No office location
Web Engineer,No office location
https://stackoverflow.com/jobs/529523,Go Developer,No office location
"https://stackoverflow.com/jobs/517133,Go DeveloperS"te Reliability Engineer - OneID (UK only, 100% remote)","https://stackover"
ow.com/jobs/534033498,,No office location
https://stackoverflow.com/jobs/532907,Go backend software engineer,No office location
https://stackoverflow.com/jobs/528768,GO Software Engineer,"Chicago, IL"
https://stackoverflow.com/jobs/454973,Go Engineer for Distributed Systems (Ukraine & Turkey),No office location
https://stackoverflow.com/jobs/523359,Golang Developer,No office location
https://stackoverflow.com/jobs/244993,Engineering Manager,No office location
https://stackoverflow.com/jobs/524104,Senior Blockchain Engineer,No office location
/ Ingénieur QA,"Marseille, France"
hhAndroid Engineerflow.com/jobs/512015S,No office location
Frankfurt am Main, Deutschland"
https://stackoverflow.com/jobs/534461,Ruby & Go Developer (Remote),No office location
https://stackoverflow.com/jobs/287208,Senior Go Backend Developer (m/f/x),No office location
https://stackoverflow.com/jobs/506058,(Senior) Go Backend Developer (m/f/d),"Hamburg, Deutschlahttps://stackoverflow.com/jobs/503191,Android Developer (f/m/d),"München, Deutschland"

delphia, PA"
"
ermany"
https://stacko,Go developer,No office location
https://stackoverflow.com/jobs/500206,ocation
https://stackoverflow.com/jo,Senior Golang EngineerS,London, UK,"Hoofddorp, Netherlands"
https://stackoverflow.com/jobs/524105,Web Engineer,No office location
https://stackoverflow.com/jobs/506058https://stackoverflow.com/jobs/517133e,Go DeveloperBackend Developer (m/f/d),verflow.com,""Hamburg, DeutschlandS
"
https://stackoverflow.com/jobs/453434,Golang Engineer,No office location
https://stackoverflow.com/jobs/530301,Senior GoLang Software Engineer,"Cincinnati, OH"
https://stackoverflow.com/jobs/500206,GO Developer,"Hoofddorp, Netherlands"
https://stackoverflow.com/jobs/532848,Golang Developer - REMOTE WORK,No office location
https://stackoverflow.com/jobs/532907,Senior Go (Golang) Developer (m/f/d),"Frankfurt am Main, Deutschland"
https://stackoverflow.com/jobs/530528,,Go Developer (Remote),Go backend software engineerNo office locationr
No office location
anager,No office l,Software Engineer ,Senior GoLang Developer,No office location
https://stackoverflow.com/jobs/244993https://stackoverflow.com/jobs/129002t,Engineering ManagerGo Developers,No office location
No office location
https://stackoverflow.com/jobs/518174,Golang Engineer,"Kyiv, Ukraine"
https://stackoverflow.com/jobs/523359,Go Engineer for Distributed Systems (Ukraine & Turkey),No office location
Developer Stack Online Storage,"Leide,Golang Developer,No office location
https://stackoverflow.com/jobs/287208,GO Software Engineer,"Chicago, IL"
ta, GA"
https://stackoverflow.com/job,Senior Go Backend Developer (m/f/x),No office location
https://stackoverflow.com/jobs/530973,Go developer,No office location
https://stackoverflow.com/jobs/524104,Android Engineer,No office locationhttps://stackoverflow.com/jobs/526036s,Senior Blockchain Engineer,No office location
https://stackoverflow.com/jobs/534461,Ruby & Go Developer (Remote),No office location
https://stackoverflow.com/jobs/525823,Golang Software Engineer,No office location
ny"
Senior Staff Software Engineer, IdentityNow","Austin, TX"
https://stackoverflow.com/jobs/529913,Senior Android Developer,https://stackoverflow.cohttps://stackoverflow.com/jobs/518798,Senior Blockchain iOS Engineer,No office location
https://stackoverflow.com/jobs/519108,s://stackoverflow.com/jobs/534266,So,,Senior DevOps En,No office locationl"w.com/jobs/508329,
Boston, MA Engineer (m/f/x),No officeA
ckland, New Zeal
nd"
https://stackoverflow.com/jobs/505637,Lead Backend Developer / Go (m/f/x),No office location
"https://stackoverflow.com/jobs/504962, Remote)",ny"
https://stackoverflow.com/jobs/51,"Berlin, Germany"
https://stackoverflow.com/jobs/534721,No office locationow.com/jobs/532848Cloud Platform Engineer,No office location
Golang Developer - REMOTE WORK,No office location
Web Engineer,No office location
https://stackoverflow.com/jobs/529523,Go Developer,No office location
"https://stackoverflow.com/jobs/517133,Go DeveloperS"te Reliability Engineer - OneID (UK only, 100% remote)","https://stackover"
ow.com/jobs/534033498,,No office location
https://stackoverflow.com/jobs/532907,Go backend software engineer,No office location
https://stackoverflow.com/jobs/528768,GO Software Engineer,"Chicago, IL"
https://stackoverflow.com/jobs/454973,Go Engineer for Distributed Systems (Ukraine & Turkey),No office location
https://stackoverflow.com/jobs/523359,Golang Developer,No office location
https://stackoverflow.com/jobs/244993,Engineering Manager,No office location
https://stackoverflow.com/jobs/524104,Senior Blockchain Engineer,No office location
/ Ingénieur QA,"Marseille, France"
hhAndroid Engineerflow.com/jobs/512015S,No office location
Frankfurt am Main, Deutschland"
https://stackoverflow.com/jobs/534461,Ruby & Go Developer (Remote),No office location
https://stackoverflow.com/jobs/287208,Senior Go Backend Developer (m/f/x),No office location
https://stackoverflow.com/jobs/506058,(Senior) Go Backend Developer (m/f/d),"Hamburg, Deutschlahttps://stackoverflow.com/jobs/512676,(Senior) Java Backend Developer (m/f/x),"Berlin, Deutschland"
"
"
ermany"
https://stacko,Go developer,No office location
https://stackoverflow.com/jobs/500206,ocation
https://stackoverflow.com/jo,Senior Golang EngineerS,London, UK,"Hoofddorp, Netherlands"
https://stackoverflow.com/jobs/524105,Web Engineer,No office location
https://stackoverflow.com/jobs/506058https://stackoverflow.com/jobs/517133e,Go DeveloperBackend Developer (m/f/d),verflow.com,""Hamburg, DeutschlandS
"
https://stackoverflow.com/jobs/453434,Golang Engineer,No office location
https://stackoverflow.com/jobs/530301,Senior GoLang Software Engineer,"Cincinnati, OH"
https://stackoverflow.com/jobs/500206,GO Developer,"Hoofddorp, Netherlands"
https://stackoverflow.com/jobs/532848,Golang Developer - REMOTE WORK,No office location
https://stackoverflow.com/jobs/532907,Senior Go (Golang) Developer (m/f/d),"Frankfurt am Main, Deutschland"
https://stackoverflow.com/jobs/530528,,Go Developer (Remote),Go backend software engineerNo office locationr
No office location
anager,No office l,Software Engineer ,Senior GoLang Developer,No office location
https://stackoverflow.com/jobs/244993https://stackoverflow.com/jobs/129002t,Engineering ManagerGo Developers,No office location
No office location
https://stackoverflow.com/jobs/518174,Golang Engineer,"Kyiv, Ukraine"
https://stackoverflow.com/jobs/523359,Go Engineer for Distributed Systems (Ukraine & Turkey),No office location
Developer Stack Online Storage,"Leide,Golang Developer,No office location
https://stackoverflow.com/jobs/287208,GO Software Engineer,"Chicago, IL"
ta, GA"
https://stackoverflow.com/job,Senior Go Backend Developer (m/f/x),No office location
https://stackoverflow.com/jobs/530973,Go developer,No office location
https://stackoverflow.com/jobs/524104,Android Engineer,No office locationhttps://stackoverflow.com/jobs/526036s,Senior Blockchain Engineer,No office location
https://stackoverflow.com/jobs/534461,Ruby & Go Developer (Remote),No office location
https://stackoverflow.com/jobs/525823,Golang Software Engineer,No office location
ny"
Senior Staff Software Engineer, IdentityNow","Austin, TX"
https://stackoverflow.com/jobs/529913,Senior Android Developer,https://stackoverflow.cohttps://stackoverflow.com/jobs/518798,Senior Blockchain iOS Engineer,No office location
https://stackoverflow.com/jobs/519108,s://stackoverflow.com/jobs/534266,So,,Senior DevOps En,No office locationl"w.com/jobs/508329,
Boston, MA Engineer (m/f/x),No officeA
ckland, New Zeal
nd"
https://stackoverflow.com/jobs/505637,Lead Backend Developer / Go (m/f/x),No office location
"https://stackoverflow.com/jobs/504962, Remote)",ny"
https://stackoverflow.com/jobs/51,"Berlin, Germany"
https://stackoverflow.com/jobs/534721,No office locationow.com/jobs/532848Cloud Platform Engineer,No office location
Golang Developer - REMOTE WORK,No office location
Web Engineer,No office location
https://stackoverflow.com/jobs/529523,Go Developer,No office location
"https://stackoverflow.com/jobs/517133,Go DeveloperS"te Reliability Engineer - OneID (UK only, 100% remote)","https://stackover"
ow.com/jobs/534033498,,No office location
https://stackoverflow.com/jobs/532907,Go backend software engineer,No office location
https://stackoverflow.com/jobs/528768,GO Software Engineer,"Chicago, IL"
https://stackoverflow.com/jobs/454973,Go Engineer for Distributed Systems (Ukraine & Turkey),No office location
https://stackoverflow.com/jobs/523359,Golang Developer,No office location
https://stackoverflow.com/jobs/244993,Engineering Manager,No office location
https://stackoverflow.com/jobs/524104,Senior Blockchain Engineer,No office location
/ Ingénieur QA,"Marseille, France"
hhAndroid Engineerflow.com/jobs/512015S,No office location
Frankfurt am Main, Deutschland"
https://stackoverflow.com/jobs/534461,Ruby & Go Developer (Remote),No office location
https://stackoverflow.com/jobs/287208,Senior Go Backend Developer (m/f/x),No office location
https://stackoverflow.com/jobs/506058,(Senior) Go Backend Developer (m/f/d),"Hamburg, Deutschlahttps://stackoverflow.com/jobs/524801,QA Engineer - Remote,No office location
"Berlin, Deutschland"
"
"
ermany"
https://stacko,Go developer,No office location
https://stackoverflow.com/jobs/500206,ocation
https://stackoverflow.com/jo,Senior Golang EngineerS,London, UK,"Hoofddorp, Netherlands"
https://stackoverflow.com/jobs/524105,Web Engineer,No office location
https://stackoverflow.com/jobs/506058https://stackoverflow.com/jobs/517133e,Go DeveloperBackend Developer (m/f/d),verflow.com,""Hamburg, DeutschlandS
"
https://stackoverflow.com/jobs/453434,Golang Engineer,No office location
https://stackoverflow.com/jobs/530301,Senior GoLang Software Engineer,"Cincinnati, OH"
https://stackoverflow.com/jobs/500206,GO Developer,"Hoofddorp, Netherlands"
https://stackoverflow.com/jobs/532848,Golang Developer - REMOTE WORK,No office location
https://stackoverflow.com/jobs/532907,Senior Go (Golang) Developer (m/f/d),"Frankfurt am Main, Deutschland"
https://stackoverflow.com/jobs/530528,,Go Developer (Remote),Go backend software engineerNo office locationr
No office location
anager,No office l,Software Engineer ,Senior GoLang Developer,No office location
https://stackoverflow.com/jobs/244993https://stackoverflow.com/jobs/129002t,Engineering ManagerGo Developers,No office location
No office location
https://stackoverflow.com/jobs/518174,Golang Engineer,"Kyiv, Ukraine"
https://stackoverflow.com/jobs/523359,Go Engineer for Distributed Systems (Ukraine & Turkey),No office location
Developer Stack Online Storage,"Leide,Golang Developer,No office location
https://stackoverflow.com/jobs/287208,GO Software Engineer,"Chicago, IL"
ta, GA"
https://stackoverflow.com/job,Senior Go Backend Developer (m/f/x),No office location
https://stackoverflow.com/jobs/530973,Go developer,No office location
https://stackoverflow.com/jobs/524104,Android Engineer,No office locationhttps://stackoverflow.com/jobs/526036s,Senior Blockchain Engineer,No office location
https://stackoverflow.com/jobs/534461,Ruby & Go Developer (Remote),No office location
https://stackoverflow.com/jobs/525823,Golang Software Engineer,No office location
ny"
Senior Staff Software Engineer, IdentityNow","Austin, TX"
https://stackoverflow.com/jobs/529913,Senior Android Developer,https://stackoverflow.cohttps://stackoverflow.com/jobs/518798,Senior Blockchain iOS Engineer,No office location
https://stackoverflow.com/jobs/519108,s://stackoverflow.com/jobs/534266,So,,Senior DevOps En,No office locationl"w.com/jobs/508329,
Boston, MA Engineer (m/f/x),No officeA
ckland, New Zeal
nd"
https://stackoverflow.com/jobs/505637,Lead Backend Developer / Go (m/f/x),No office location
"https://stackoverflow.com/jobs/504962, Remote)",ny"
https://stackoverflow.com/jobs/51,"Berlin, Germany"
https://stackoverflow.com/jobs/534721,No office locationow.com/jobs/532848Cloud Platform Engineer,No office location
Golang Developer - REMOTE WORK,No office location
Web Engineer,No office location
https://stackoverflow.com/jobs/529523,Go Developer,No office location
"https://stackoverflow.com/jobs/517133,Go DeveloperS"te Reliability Engineer - OneID (UK only, 100% remote)","https://stackover"
ow.com/jobs/534033498,,No office location
https://stackoverflow.com/jobs/532907,Go backend software engineer,No office location
https://stackoverflow.com/jobs/528768,GO Software Engineer,"Chicago, IL"
https://stackoverflow.com/jobs/454973,Go Engineer for Distributed Systems (Ukraine & Turkey),No office location
https://stackoverflow.com/jobs/523359,Golang Developer,No office location
https://stackoverflow.com/jobs/244993,Engineering Manager,No office location
https://stackoverflow.com/jobs/524104,Senior Blockchain Engineer,No office location
/ Ingénieur QA,"Marseille, France"
hhAndroid Engineerflow.com/jobs/512015S,No office location
Frankfurt am Main, Deutschland"
https://stackoverflow.com/jobs/534461,Ruby & Go Developer (Remote),No office location
https://stackoverflow.com/jobs/287208,Senior Go Backend Developer (m/f/x),No office location
https://stackoverflow.com/jobs/506058,(Senior) Go Backend Developer (m/f/d),"Hamburg, Deutschlahttps://stackoverflow.com/jobs/529886,Technical Blog Post Writer,No office location
n, Deutschland"
"
"
ermany"
https://stacko,Go developer,No office location
https://stackoverflow.com/jobs/500206,ocation
https://stackoverflow.com/jo,Senior Golang EngineerS,London, UK,"Hoofddorp, Netherlands"
https://stackoverflow.com/jobs/524105,Web Engineer,No office location
https://stackoverflow.com/jobs/506058https://stackoverflow.com/jobs/517133e,Go DeveloperBackend Developer (m/f/d),verflow.com,""Hamburg, DeutschlandS
"
https://stackoverflow.com/jobs/453434,Golang Engineer,No office location
https://stackoverflow.com/jobs/530301,Senior GoLang Software Engineer,"Cincinnati, OH"
https://stackoverflow.com/jobs/500206,GO Developer,"Hoofddorp, Netherlands"
https://stackoverflow.com/jobs/532848,Golang Developer - REMOTE WORK,No office location
https://stackoverflow.com/jobs/532907,Senior Go (Golang) Developer (m/f/d),"Frankfurt am Main, Deutschland"
https://stackoverflow.com/jobs/530528,,Go Developer (Remote),Go backend software engineerNo office locationr
No office location
anager,No office l,Software Engineer ,Senior GoLang Developer,No office location
https://stackoverflow.com/jobs/244993https://stackoverflow.com/jobs/129002t,Engineering ManagerGo Developers,No office location
No office location
https://stackoverflow.com/jobs/518174,Golang Engineer,"Kyiv, Ukraine"
https://stackoverflow.com/jobs/523359,Go Engineer for Distributed Systems (Ukraine & Turkey),No office location
Developer Stack Online Storage,"Leide,Golang Developer,No office location
https://stackoverflow.com/jobs/287208,GO Software Engineer,"Chicago, IL"
ta, GA"
https://stackoverflow.com/job,Senior Go Backend Developer (m/f/x),No office location
https://stackoverflow.com/jobs/530973,Go developer,No office location
https://stackoverflow.com/jobs/524104,Android Engineer,No office locationhttps://stackoverflow.com/jobs/526036s,Senior Blockchain Engineer,No office location
https://stackoverflow.com/jobs/534461,Ruby & Go Developer (Remote),No office location
https://stackoverflow.com/jobs/525823,Golang Software Engineer,No office location
ny"
Senior Staff Software Engineer, IdentityNow","Austin, TX"
https://stackoverflow.com/jobs/529913,Senior Android Developer,https://stackoverflow.cohttps://stackoverflow.com/jobs/518798,Senior Blockchain iOS Engineer,No office location
https://stackoverflow.com/jobs/519108,s://stackoverflow.com/jobs/534266,So,,Senior DevOps En,No office locationl"w.com/jobs/508329,
Boston, MA Engineer (m/f/x),No officeA
ckland, New Zeal
nd"
https://stackoverflow.com/jobs/505637,Lead Backend Developer / Go (m/f/x),No office location
"https://stackoverflow.com/jobs/504962, Remote)",ny"
https://stackoverflow.com/jobs/51,"Berlin, Germany"
https://stackoverflow.com/jobs/534721,No office locationow.com/jobs/532848Cloud Platform Engineer,No office location
Golang Developer - REMOTE WORK,No office location
Web Engineer,No office location
https://stackoverflow.com/jobs/529523,Go Developer,No office location
"https://stackoverflow.com/jobs/517133,Go DeveloperS"te Reliability Engineer - OneID (UK only, 100% remote)","https://stackover"
ow.com/jobs/534033498,,No office location
https://stackoverflow.com/jobs/532907,Go backend software engineer,No office location
https://stackoverflow.com/jobs/528768,GO Software Engineer,"Chicago, IL"
https://stackoverflow.com/jobs/454973,Go Engineer for Distributed Systems (Ukraine & Turkey),No office location
https://stackoverflow.com/jobs/523359,Golang Developer,No office location
https://stackoverflow.com/jobs/244993,Engineering Manager,No office location
https://stackoverflow.com/jobs/524104,Senior Blockchain Engineer,No office location
/ Ingénieur QA,"Marseille, France"
hhAndroid Engineerflow.com/jobs/512015S,No office location
Frankfurt am Main, Deutschland"
https://stackoverflow.com/jobs/534461,Ruby & Go Developer (Remote),No office location
https://stackoverflow.com/jobs/287208,Senior Go Backend Developer (m/f/x),No office location
https://stackoverflow.com/jobs/506058,(Senior) Go Backend Developer (m/f/d),"Hamburg, Deutschlahttps://stackoverflow.com/jobs/528478,Software Quality Assurance Lead Engineer*,"Düsseldorf, Deutschland"
any"
https://stacko,Go developer,No office location
https://stackoverflow.com/jobs/500206,ocation
https://stackoverflow.com/jo,Senior Golang EngineerS,London, UK,"Hoofddorp, Netherlands"
https://stackoverflow.com/jobs/524105,Web Engineer,No office location
https://stackoverflow.com/jobs/506058https://stackoverflow.com/jobs/517133e,Go DeveloperBackend Developer (m/f/d),verflow.com,""Hamburg, DeutschlandS
"
https://stackoverflow.com/jobs/453434,Golang Engineer,No office location
https://stackoverflow.com/jobs/530301,Senior GoLang Software Engineer,"Cincinnati, OH"
https://stackoverflow.com/jobs/500206,GO Developer,"Hoofddorp, Netherlands"
https://stackoverflow.com/jobs/532848,Golang Developer - REMOTE WORK,No office location
https://stackoverflow.com/jobs/532907,Senior Go (Golang) Developer (m/f/d),"Frankfurt am Main, Deutschland"
https://stackoverflow.com/jobs/530528,,Go Developer (Remote),Go backend software engineerNo office locationr
No office location
anager,No office l,Software Engineer ,Senior GoLang Developer,No office location
https://stackoverflow.com/jobs/244993https://stackoverflow.com/jobs/129002t,Engineering ManagerGo Developers,No office location
No office location
https://stackoverflow.com/jobs/518174,Golang Engineer,"Kyiv, Ukraine"
https://stackoverflow.com/jobs/523359,Go Engineer for Distributed Systems (Ukraine & Turkey),No office location
Developer Stack Online Storage,"Leide,Golang Developer,No office location
https://stackoverflow.com/jobs/287208,GO Software Engineer,"Chicago, IL"
ta, GA"
https://stackoverflow.com/job,Senior Go Backend Developer (m/f/x),No office location
https://stackoverflow.com/jobs/530973,Go developer,No office location
https://stackoverflow.com/jobs/524104,Android Engineer,No office locationhttps://stackoverflow.com/jobs/526036s,Senior Blockchain Engineer,No office location
https://stackoverflow.com/jobs/534461,Ruby & Go Developer (Remote),No office location
https://stackoverflow.com/jobs/525823,Golang Software Engineer,No office location
ny"
Senior Staff Software Engineer, IdentityNow","Austin, TX"
https://stackoverflow.com/jobs/529913,Senior Android Developer,https://stackoverflow.cohttps://stackoverflow.com/jobs/518798,Senior Blockchain iOS Engineer,No office location
https://stackoverflow.com/jobs/519108,s://stackoverflow.com/jobs/534266,So,,Senior DevOps En,No office locationl"w.com/jobs/508329,
Boston, MA Engineer (m/f/x),No officeA
ckland, New Zeal
nd"
https://stackoverflow.com/jobs/505637,Lead Backend Developer / Go (m/f/x),No office location
"https://stackoverflow.com/jobs/504962, Remote)",ny"
https://stackoverflow.com/jobs/51,"Berlin, Germany"
https://stackoverflow.com/jobs/534721,No office locationow.com/jobs/532848Cloud Platform Engineer,No office location
Golang Developer - REMOTE WORK,No office location
Web Engineer,No office location
https://stackoverflow.com/jobs/529523,Go Developer,No office location
"https://stackoverflow.com/jobs/517133,Go DeveloperS"te Reliability Engineer - OneID (UK only, 100% remote)","https://stackover"
ow.com/jobs/534033498,,No office location
https://stackoverflow.com/jobs/532907,Go backend software engineer,No office location
https://stackoverflow.com/jobs/528768,GO Software Engineer,"Chicago, IL"
https://stackoverflow.com/jobs/454973,Go Engineer for Distributed Systems (Ukraine & Turkey),No office location
https://stackoverflow.com/jobs/523359,Golang Developer,No office location
https://stackoverflow.com/jobs/244993,Engineering Manager,No office location
https://stackoverflow.com/jobs/524104,Senior Blockchain Engineer,No office location
/ Ingénieur QA,"Marseille, France"
hhAndroid Engineerflow.com/jobs/512015S,No office location
Frankfurt am Main, Deutschland"
https://stackoverflow.com/jobs/534461,Ruby & Go Developer (Remote),No office location
https://stackoverflow.com/jobs/287208,Senior Go Backend Developer (m/f/x),No office location
https://stackoverflow.com/jobs/506058,(Senior) Go Backend Developer (m/f/d),"Hamburg, Deutschland"
s://stackoverflow.com/jobs/528478,Software Quality Assurance Lead Engineer*,"Düsseldorf, Deutschland"
any"
https://stacko,Go developer,No office location
https://stackoverflow.com/jobs/500206,ocation
https://stackoverflow.com/jo,Senior Golang EngineerS,London, UK,"Hoofddorp, Netherlands"
https://stackoverflow.com/jobs/524105,Web Engineer,No office location
https://stackoverflow.com/jobs/506058https://stackoverflow.com/jobs/517133e,Go DeveloperBackend Developer (m/f/d),verflow.com,""Hamburg, DeutschlandS
"
https://stackoverflow.com/jobs/453434,Golang Engineer,No office location
https://stackoverflow.com/jobs/530301,Senior GoLang Software Engineer,"Cincinnati, OH"
https://stackoverflow.com/jobs/500206,GO Developer,"Hoofddorp, Netherlands"
https://stackoverflow.com/jobs/532848,Golang Developer - REMOTE WORK,No office location
https://stackoverflow.com/jobs/532907,Senior Go (Golang) Developer (m/f/d),"Frankfurt am Main, Deutschland"
https://stackoverflow.com/jobs/530528,,Go Developer (Remote),Go backend software engineerNo office locationr
No office location
anager,No office l,Software Engineer ,Senior GoLang Developer,No office location
https://stackoverflow.com/jobs/244993https://stackoverflow.com/jobs/129002t,Engineering ManagerGo Developers,No office location
No office location
https://stackoverflow.com/jobs/518174,Golang Engineer,"Kyiv, Ukraine"
https://stackoverflow.com/jobs/523359,Go Engineer for Distributed Systems (Ukraine & Turkey),No office location
Developer Stack Online Storage,"Leide,Golang Developer,No office location
https://stackoverflow.com/jobs/287208,GO Software Engineer,"Chicago, IL"
ta, GA"
https://stackoverflow.com/job,Senior Go Backend Developer (m/f/x),No office location
https://stackoverflow.com/jobs/530973,Go developer,No office location
https://stackoverflow.com/jobs/524104,Android Engineer,No office locationhttps://stackoverflow.com/jobs/526036s,Senior Blockchain Engineer,No office location
https://stackoverflow.com/jobs/534461,Ruby & Go Developer (Remote),No office location
https://stackoverflow.com/jobs/525823,Golang Software Engineer,No office location
ny"
Senior Staff Software Engineer, IdentityNow","Austin, TX"
https://stackoverflow.com/jobs/529913,Senior Android Developer,https://stackoverflow.cohttps://stackoverflow.com/jobs/518798,Senior Blockchain iOS Engineer,No office location
https://stackoverflow.com/jobs/519108,s://stackoverflow.com/jobs/534266,So,,Senior DevOps En,No office locationl"w.com/jobs/508329,
Boston, MA Engineer (m/f/x),No officeA
ckland, New Zeal
nd"
https://stackoverflow.com/jobs/505637,Lead Backend Developer / Go (m/f/x),No office location
"https://stackoverflow.com/jobs/504962, Remote)",ny"
https://stackoverflow.com/jobs/51,"Berlin, Germany"
https://stackoverflow.com/jobs/534721,No office locationow.com/jobs/532848Cloud Platform Engineer,No office location
Golang Developer - REMOTE WORK,No office location
Web Engineer,No office location
https://stackoverflow.com/jobs/529523,Go Developer,No office location
"https://stackoverflow.com/jobs/517133,Go DeveloperS"te Reliability Engineer - OneID (UK only, 100% remote)","https://stackover"
ow.com/jobs/534033498,,No office location
https://stackoverflow.com/jobs/532907,Go backend software engineer,No office location
https://stackoverflow.com/jobs/528768,GO Software Engineer,"Chicago, IL"
https://stackoverflow.com/jobs/454973,Go Engineer for Distributed Systems (Ukraine & Turkey),No office location
https://stackoverflow.com/jobs/523359,Golang Developer,No office location
https://stackoverflow.com/jobs/244993,Engineering Manager,No office location
https://stackoverflow.com/jobs/524104,Senior Blockchain Engineer,No office location
/ Ingénieur QA,"Marseille, France"
hhAndroid Engineerflow.com/jobs/512015S,No office location
Frankfurt am Main, Deutschland"
https://stackoverflow.com/jobs/534461,Ruby & Go Developer (Remote),No office location
https://stackoverflow.com/jobs/287208,Senior Go Backend Developer (m/f/x),No office location
https://stackoverflow.com/jobs/506058,(Senior) Go Backend Developer (m/f/d),"Hamburg, Deutschlahttps://stackoverflow.com/jobs/531121,Senior Golang Engineer,"London, UK"
neer*,"Düsseldorf, Deutschland"
any"
https://stacko,Go developer,No office location
https://stackoverflow.com/jobs/500206,ocation
https://stackoverflow.com/jo,Senior Golang EngineerS,London, UK,"Hoofddorp, Netherlands"
https://stackoverflow.com/jobs/524105,Web Engineer,No office location
https://stackoverflow.com/jobs/506058https://stackoverflow.com/jobs/517133e,Go DeveloperBackend Developer (m/f/d),verflow.com,""Hamburg, DeutschlandS
"
https://stackoverflow.com/jobs/453434,Golang Engineer,No office location
https://stackoverflow.com/jobs/530301,Senior GoLang Software Engineer,"Cincinnati, OH"
https://stackoverflow.com/jobs/500206,GO Developer,"Hoofddorp, Netherlands"
https://stackoverflow.com/jobs/532848,Golang Developer - REMOTE WORK,No office location
https://stackoverflow.com/jobs/532907,Senior Go (Golang) Developer (m/f/d),"Frankfurt am Main, Deutschland"
https://stackoverflow.com/jobs/530528,,Go Developer (Remote),Go backend software engineerNo office locationr
No office location
anager,No office l,Software Engineer ,Senior GoLang Developer,No office location
https://stackoverflow.com/jobs/244993https://stackoverflow.com/jobs/129002t,Engineering ManagerGo Developers,No office location
No office location
https://stackoverflow.com/jobs/518174,Golang Engineer,"Kyiv, Ukraine"
https://stackoverflow.com/jobs/523359,Go Engineer for Distributed Systems (Ukraine & Turkey),No office location
Developer Stack Online Storage,"Leide,Golang Developer,No office location
https://stackoverflow.com/jobs/287208,GO Software Engineer,"Chicago, IL"
ta, GA"
https://stackoverflow.com/job,Senior Go Backend Developer (m/f/x),No office location
https://stackoverflow.com/jobs/530973,Go developer,No office location
https://stackoverflow.com/jobs/524104,Android Engineer,No office locationhttps://stackoverflow.com/jobs/526036s,Senior Blockchain Engineer,No office location
https://stackoverflow.com/jobs/534461,Ruby & Go Developer (Remote),No office location
https://stackoverflow.com/jobs/525823,Golang Software Engineer,No office location
ny"
Senior Staff Software Engineer, IdentityNow","Austin, TX"
https://stackoverflow.com/jobs/529913,Senior Android Developer,https://stackoverflow.cohttps://stackoverflow.com/jobs/518798,Senior Blockchain iOS Engineer,No office location
https://stackoverflow.com/jobs/519108,s://stackoverflow.com/jobs/534266,So,,Senior DevOps En,No office locationl"w.com/jobs/508329,
Boston, MA Engineer (m/f/x),No officeA
ckland, New Zeal
nd"
https://stackoverflow.com/jobs/505637,Lead Backend Developer / Go (m/f/x),No office location
"https://stackoverflow.com/jobs/504962, Remote)",ny"
https://stackoverflow.com/jobs/51,"Berlin, Germany"
https://stackoverflow.com/jobs/534721,No office locationow.com/jobs/532848Cloud Platform Engineer,No office location
Golang Developer - REMOTE WORK,No office location
Web Engineer,No office location
https://stackoverflow.com/jobs/529523,Go Developer,No office location
"https://stackoverflow.com/jobs/517133,Go DeveloperS"te Reliability Engineer - OneID (UK only, 100% remote)","https://stackover"
ow.com/jobs/534033498,,No office location
https://stackoverflow.com/jobs/532907,Go backend software engineer,No office location
https://stackoverflow.com/jobs/528768,GO Software Engineer,"Chicago, IL"
https://stackoverflow.com/jobs/454973,Go Engineer for Distributed Systems (Ukraine & Turkey),No office location
https://stackoverflow.com/jobs/523359,Golang Developer,No office location
https://stackoverflow.com/jobs/244993,Engineering Manager,No office location
https://stackoverflow.com/jobs/524104,Senior Blockchain Engineer,No office location
/ Ingénieur QA,"Marseille, France"
hhAndroid Engineerflow.com/jobs/512015S,No office location
Frankfurt am Main, Deutschland"
https://stackoverflow.com/jobs/534461,Ruby & Go Developer (Remote),No office location
https://stackoverflow.com/jobs/287208,Senior Go Backend Developer (m/f/x),No office location
https://stackoverflow.com/jobs/506058,(Senior) Go Backend Developer (m/f/d),"Hamburg, Deutschlahttps://stackoverflow.com/jobs/530301,Senior GoLang Software Engineer,"Cincinnati, OH"
ldorf, Deutschland"
any"
https://stacko,Go developer,No office location
https://stackoverflow.com/jobs/500206,ocation
https://stackoverflow.com/jo,Senior Golang EngineerS,London, UK,"Hoofddorp, Netherlands"
https://stackoverflow.com/jobs/524105,Web Engineer,No office location
https://stackoverflow.com/jobs/506058https://stackoverflow.com/jobs/517133e,Go DeveloperBackend Developer (m/f/d),verflow.com,""Hamburg, DeutschlandS
"
https://stackoverflow.com/jobs/453434,Golang Engineer,No office location
https://stackoverflow.com/jobs/530301,Senior GoLang Software Engineer,"Cincinnati, OH"
https://stackoverflow.com/jobs/500206,GO Developer,"Hoofddorp, Netherlands"
https://stackoverflow.com/jobs/532848,Golang Developer - REMOTE WORK,No office location
https://stackoverflow.com/jobs/532907,Senior Go (Golang) Developer (m/f/d),"Frankfurt am Main, Deutschland"
https://stackoverflow.com/jobs/530528,,Go Developer (Remote),Go backend software engineerNo office locationr
No office location
anager,No office l,Software Engineer ,Senior GoLang Developer,No office location
https://stackoverflow.com/jobs/244993https://stackoverflow.com/jobs/129002t,Engineering ManagerGo Developers,No office location
No office location
https://stackoverflow.com/jobs/518174,Golang Engineer,"Kyiv, Ukraine"
https://stackoverflow.com/jobs/523359,Go Engineer for Distributed Systems (Ukraine & Turkey),No office location
Developer Stack Online Storage,"Leide,Golang Developer,No office location
https://stackoverflow.com/jobs/287208,GO Software Engineer,"Chicago, IL"
ta, GA"
https://stackoverflow.com/job,Senior Go Backend Developer (m/f/x),No office location
https://stackoverflow.com/jobs/530973,Go developer,No office location
https://stackoverflow.com/jobs/524104,Android Engineer,No office locationhttps://stackoverflow.com/jobs/526036s,Senior Blockchain Engineer,No office location
https://stackoverflow.com/jobs/534461,Ruby & Go Developer (Remote),No office location
https://stackoverflow.com/jobs/525823,Golang Software Engineer,No office location
ny"
Senior Staff Software Engineer, IdentityNow","Austin, TX"
https://stackoverflow.com/jobs/529913,Senior Android Developer,https://stackoverflow.cohttps://stackoverflow.com/jobs/518798,Senior Blockchain iOS Engineer,No office location
https://stackoverflow.com/jobs/519108,s://stackoverflow.com/jobs/534266,So,,Senior DevOps En,No office locationl"w.com/jobs/508329,
Boston, MA Engineer (m/f/x),No officeA
ckland, New Zeal
nd"
https://stackoverflow.com/jobs/505637,Lead Backend Developer / Go (m/f/x),No office location
"https://stackoverflow.com/jobs/504962, Remote)",ny"
https://stackoverflow.com/jobs/51,"Berlin, Germany"
https://stackoverflow.com/jobs/534721,No office locationow.com/jobs/532848Cloud Platform Engineer,No office location
Golang Developer - REMOTE WORK,No office location
Web Engineer,No office location
https://stackoverflow.com/jobs/529523,Go Developer,No office location
"https://stackoverflow.com/jobs/517133,Go DeveloperS"te Reliability Engineer - OneID (UK only, 100% remote)","https://stackover"
ow.com/jobs/534033498,,No office location
https://stackoverflow.com/jobs/532907,Go backend software engineer,No office location
https://stackoverflow.com/jobs/528768,GO Software Engineer,"Chicago, IL"
https://stackoverflow.com/jobs/454973,Go Engineer for Distributed Systems (Ukraine & Turkey),No office location
https://stackoverflow.com/jobs/523359,Golang Developer,No office location
https://stackoverflow.com/jobs/244993,Engineering Manager,No office location
https://stackoverflow.com/jobs/524104,Senior Blockchain Engineer,No office location
/ Ingénieur QA,"Marseille, France"
hhAndroid Engineerflow.com/jobs/512015S,No office location
Frankfurt am Main, Deutschland"
https://stackoverflow.com/jobs/534461,Ruby & Go Developer (Remote),No office location
https://stackoverflow.com/jobs/287208,Senior Go Backend Developer (m/f/x),No office location
https://stackoverflow.com/jobs/506058,(Senior) Go Backend Developer (m/f/d),"Hamburg, Deutschlahttps://stackoverflow.com/jobs/534447,Go Developer (Remote),No office location
ti, OH"
ldorf, Deutschland"
any"
https://stacko,Go developer,No office location
https://stackoverflow.com/jobs/500206,ocation
https://stackoverflow.com/jo,Senior Golang EngineerS,London, UK,"Hoofddorp, Netherlands"
https://stackoverflow.com/jobs/524105,Web Engineer,No office location
https://stackoverflow.com/jobs/506058https://stackoverflow.com/jobs/517133e,Go DeveloperBackend Developer (m/f/d),verflow.com,""Hamburg, DeutschlandS
"
https://stackoverflow.com/jobs/453434,Golang Engineer,No office location
https://stackoverflow.com/jobs/530301,Senior GoLang Software Engineer,"Cincinnati, OH"
https://stackoverflow.com/jobs/500206,GO Developer,"Hoofddorp, Netherlands"
https://stackoverflow.com/jobs/532848,Golang Developer - REMOTE WORK,No office location
https://stackoverflow.com/jobs/532907,Senior Go (Golang) Developer (m/f/d),"Frankfurt am Main, Deutschland"
https://stackoverflow.com/jobs/530528,,Go Developer (Remote),Go backend software engineerNo office locationr
No office location
anager,No office l,Software Engineer ,Senior GoLang Developer,No office location
https://stackoverflow.com/jobs/244993https://stackoverflow.com/jobs/129002t,Engineering ManagerGo Developers,No office location
No office location
https://stackoverflow.com/jobs/518174,Golang Engineer,"Kyiv, Ukraine"
https://stackoverflow.com/jobs/523359,Go Engineer for Distributed Systems (Ukraine & Turkey),No office location
Developer Stack Online Storage,"Leide,Golang Developer,No office location
https://stackoverflow.com/jobs/287208,GO Software Engineer,"Chicago, IL"
ta, GA"
https://stackoverflow.com/job,Senior Go Backend Developer (m/f/x),No office location
https://stackoverflow.com/jobs/530973,Go developer,No office location
https://stackoverflow.com/jobs/524104,Android Engineer,No office locationhttps://stackoverflow.com/jobs/526036s,Senior Blockchain Engineer,No office location
https://stackoverflow.com/jobs/534461,Ruby & Go Developer (Remote),No office location
https://stackoverflow.com/jobs/525823,Golang Software Engineer,No office location
ny"
Senior Staff Software Engineer, IdentityNow","Austin, TX"
https://stackoverflow.com/jobs/529913,Senior Android Developer,https://stackoverflow.cohttps://stackoverflow.com/jobs/518798,Senior Blockchain iOS Engineer,No office location
https://stackoverflow.com/jobs/519108,s://stackoverflow.com/jobs/534266,So,,Senior DevOps En,No office locationl"w.com/jobs/508329,
Boston, MA Engineer (m/f/x),No officeA
ckland, New Zeal
nd"
https://stackoverflow.com/jobs/505637,Lead Backend Developer / Go (m/f/x),No office location
"https://stackoverflow.com/jobs/504962, Remote)",ny"
https://stackoverflow.com/jobs/51,"Berlin, Germany"
https://stackoverflow.com/jobs/534721,No office locationow.com/jobs/532848Cloud Platform Engineer,No office location
Golang Developer - REMOTE WORK,No office location
Web Engineer,No office location
https://stackoverflow.com/jobs/529523,Go Developer,No office location
"https://stackoverflow.com/jobs/517133,Go DeveloperS"te Reliability Engineer - OneID (UK only, 100% remote)","https://stackover"
ow.com/jobs/534033498,,No office location
https://stackoverflow.com/jobs/532907,Go backend software engineer,No office location
https://stackoverflow.com/jobs/528768,GO Software Engineer,"Chicago, IL"
https://stackoverflow.com/jobs/454973,Go Engineer for Distributed Systems (Ukraine & Turkey),No office location
https://stackoverflow.com/jobs/523359,Golang Developer,No office location
https://stackoverflow.com/jobs/244993,Engineering Manager,No office location
https://stackoverflow.com/jobs/524104,Senior Blockchain Engineer,No office location
/ Ingénieur QA,"Marseille, France"
hhAndroid Engineerflow.com/jobs/512015S,No office location
Frankfurt am Main, Deutschland"
https://stackoverflow.com/jobs/534461,Ruby & Go Developer (Remote),No office location
https://stackoverflow.com/jobs/287208,Senior Go Backend Developer (m/f/x),No office location
https://stackoverflow.com/jobs/506058,(Senior) Go Backend Developer (m/f/d),"Hamburg, Deutschlahttps://stackoverflow.com/jobs/530528,Senior GoLang Developer,No office location
, OH"
ldorf, Deutschland"
any"
https://stacko,Go developer,No office location
https://stackoverflow.com/jobs/500206,ocation
https://stackoverflow.com/jo,Senior Golang EngineerS,London, UK,"Hoofddorp, Netherlands"
https://stackoverflow.com/jobs/524105,Web Engineer,No office location
https://stackoverflow.com/jobs/506058https://stackoverflow.com/jobs/517133e,Go DeveloperBackend Developer (m/f/d),verflow.com,""Hamburg, DeutschlandS
"
https://stackoverflow.com/jobs/453434,Golang Engineer,No office location
https://stackoverflow.com/jobs/530301,Senior GoLang Software Engineer,"Cincinnati, OH"
https://stackoverflow.com/jobs/500206,GO Developer,"Hoofddorp, Netherlands"
https://stackoverflow.com/jobs/532848,Golang Developer - REMOTE WORK,No office location
https://stackoverflow.com/jobs/532907,Senior Go (Golang) Developer (m/f/d),"Frankfurt am Main, Deutschland"
https://stackoverflow.com/jobs/530528,,Go Developer (Remote),Go backend software engineerNo office locationr
No office location
anager,No office l,Software Engineer ,Senior GoLang Developer,No office location
https://stackoverflow.com/jobs/244993https://stackoverflow.com/jobs/129002t,Engineering ManagerGo Developers,No office location
No office location
https://stackoverflow.com/jobs/518174,Golang Engineer,"Kyiv, Ukraine"
https://stackoverflow.com/jobs/523359,Go Engineer for Distributed Systems (Ukraine & Turkey),No office location
Developer Stack Online Storage,"Leide,Golang Developer,No office location
https://stackoverflow.com/jobs/287208,GO Software Engineer,"Chicago, IL"
ta, GA"
https://stackoverflow.com/job,Senior Go Backend Developer (m/f/x),No office location
https://stackoverflow.com/jobs/530973,Go developer,No office location
https://stackoverflow.com/jobs/524104,Android Engineer,No office locationhttps://stackoverflow.com/jobs/526036s,Senior Blockchain Engineer,No office location
https://stackoverflow.com/jobs/534461,Ruby & Go Developer (Remote),No office location
https://stackoverflow.com/jobs/525823,Golang Software Engineer,No office location
ny"
Senior Staff Software Engineer, IdentityNow","Austin, TX"
https://stackoverflow.com/jobs/529913,Senior Android Developer,https://stackoverflow.cohttps://stackoverflow.com/jobs/518798,Senior Blockchain iOS Engineer,No office location
https://stackoverflow.com/jobs/519108,s://stackoverflow.com/jobs/534266,So,,Senior DevOps En,No office locationl"w.com/jobs/508329,
Boston, MA Engineer (m/f/x),No officeA
ckland, New Zeal
nd"
https://stackoverflow.com/jobs/505637,Lead Backend Developer / Go (m/f/x),No office location
"https://stackoverflow.com/jobs/504962, Remote)",ny"
https://stackoverflow.com/jobs/51,"Berlin, Germany"
https://stackoverflow.com/jobs/534721,No office locationow.com/jobs/532848Cloud Platform Engineer,No office location
Golang Developer - REMOTE WORK,No office location
Web Engineer,No office location
https://stackoverflow.com/jobs/529523,Go Developer,No office location
"https://stackoverflow.com/jobs/517133,Go DeveloperS"te Reliability Engineer - OneID (UK only, 100% remote)","https://stackover"
ow.com/jobs/534033498,,No office location
https://stackoverflow.com/jobs/532907,Go backend software engineer,No office location
https://stackoverflow.com/jobs/528768,GO Software Engineer,"Chicago, IL"
https://stackoverflow.com/jobs/454973,Go Engineer for Distributed Systems (Ukraine & Turkey),No office location
https://stackoverflow.com/jobs/523359,Golang Developer,No office location
https://stackoverflow.com/jobs/244993,Engineering Manager,No office location
https://stackoverflow.com/jobs/524104,Senior Blockchain Engineer,No office location
/ Ingénieur QA,"Marseille, France"
hhAndroid Engineerflow.com/jobs/512015S,No office location
Frankfurt am Main, Deutschland"
https://stackoverflow.com/jobs/534461,Ruby & Go Developer (Remote),No office location
https://stackoverflow.com/jobs/287208,Senior Go Backend Developer (m/f/x),No office location
https://stackoverflow.com/jobs/506058,(Senior) Go Backend Developer (m/f/d),"Hamburg, Deutschlahttps://stackoverflow.com/jobs/529635,Senior QA Engineer - Remote,No office location
"
ldorf, Deutschland"
any"
https://stacko,Go developer,No office location
https://stackoverflow.com/jobs/500206,ocation
https://stackoverflow.com/jo,Senior Golang EngineerS,London, UK,"Hoofddorp, Netherlands"
https://stackoverflow.com/jobs/524105,Web Engineer,No office location
https://stackoverflow.com/jobs/506058https://stackoverflow.com/jobs/517133e,Go DeveloperBackend Developer (m/f/d),verflow.com,""Hamburg, DeutschlandS
"
https://stackoverflow.com/jobs/453434,Golang Engineer,No office location
https://stackoverflow.com/jobs/530301,Senior GoLang Software Engineer,"Cincinnati, OH"
https://stackoverflow.com/jobs/500206,GO Developer,"Hoofddorp, Netherlands"
https://stackoverflow.com/jobs/532848,Golang Developer - REMOTE WORK,No office location
https://stackoverflow.com/jobs/532907,Senior Go (Golang) Developer (m/f/d),"Frankfurt am Main, Deutschland"
https://stackoverflow.com/jobs/530528,,Go Developer (Remote),Go backend software engineerNo office locationr
No office location
anager,No office l,Software Engineer ,Senior GoLang Developer,No office location
https://stackoverflow.com/jobs/244993https://stackoverflow.com/jobs/129002t,Engineering ManagerGo Developers,No office location
No office location
https://stackoverflow.com/jobs/518174,Golang Engineer,"Kyiv, Ukraine"
https://stackoverflow.com/jobs/523359,Go Engineer for Distributed Systems (Ukraine & Turkey),No office location
Developer Stack Online Storage,"Leide,Golang Developer,No office location
https://stackoverflow.com/jobs/287208,GO Software Engineer,"Chicago, IL"
ta, GA"
https://stackoverflow.com/job,Senior Go Backend Developer (m/f/x),No office location
https://stackoverflow.com/jobs/530973,Go developer,No office location
https://stackoverflow.com/jobs/524104,Android Engineer,No office locationhttps://stackoverflow.com/jobs/526036s,Senior Blockchain Engineer,No office location
https://stackoverflow.com/jobs/534461,Ruby & Go Developer (Remote),No office location
https://stackoverflow.com/jobs/525823,Golang Software Engineer,No office location
ny"
Senior Staff Software Engineer, IdentityNow","Austin, TX"
https://stackoverflow.com/jobs/529913,Senior Android Developer,https://stackoverflow.cohttps://stackoverflow.com/jobs/518798,Senior Blockchain iOS Engineer,No office location
https://stackoverflow.com/jobs/519108,s://stackoverflow.com/jobs/534266,So,,Senior DevOps En,No office locationl"w.com/jobs/508329,
Boston, MA Engineer (m/f/x),No officeA
ckland, New Zeal
nd"
https://stackoverflow.com/jobs/505637,Lead Backend Developer / Go (m/f/x),No office location
"https://stackoverflow.com/jobs/504962, Remote)",ny"
https://stackoverflow.com/jobs/51,"Berlin, Germany"
https://stackoverflow.com/jobs/534721,No office locationow.com/jobs/532848Cloud Platform Engineer,No office location
Golang Developer - REMOTE WORK,No office location
Web Engineer,No office location
https://stackoverflow.com/jobs/529523,Go Developer,No office location
"https://stackoverflow.com/jobs/517133,Go DeveloperS"te Reliability Engineer - OneID (UK only, 100% remote)","https://stackover"
ow.com/jobs/534033498,,No office location
https://stackoverflow.com/jobs/532907,Go backend software engineer,No office location
https://stackoverflow.com/jobs/528768,GO Software Engineer,"Chicago, IL"
https://stackoverflow.com/jobs/454973,Go Engineer for Distributed Systems (Ukraine & Turkey),No office location
https://stackoverflow.com/jobs/523359,Golang Developer,No office location
https://stackoverflow.com/jobs/244993,Engineering Manager,No office location
https://stackoverflow.com/jobs/524104,Senior Blockchain Engineer,No office location
/ Ingénieur QA,"Marseille, France"
hhAndroid Engineerflow.com/jobs/512015S,No office location
Frankfurt am Main, Deutschland"
https://stackoverflow.com/jobs/534461,Ruby & Go Developer (Remote),No office location
https://stackoverflow.com/jobs/287208,Senior Go Backend Developer (m/f/x),No office location
https://stackoverflow.com/jobs/506058,(Senior) Go Backend Developer (m/f/d),"Hamburg, Deutschlahttps://stackoverflow.com/jobs/525823,Golang Software Engineer,No office location
on
"
ldorf, Deutschland"
any"
https://stacko,Go developer,No office location
https://stackoverflow.com/jobs/500206,ocation
https://stackoverflow.com/jo,Senior Golang EngineerS,London, UK,"Hoofddorp, Netherlands"
https://stackoverflow.com/jobs/524105,Web Engineer,No office location
https://stackoverflow.com/jobs/506058https://stackoverflow.com/jobs/517133e,Go DeveloperBackend Developer (m/f/d),verflow.com,""Hamburg, DeutschlandS
"
https://stackoverflow.com/jobs/453434,Golang Engineer,No office location
https://stackoverflow.com/jobs/530301,Senior GoLang Software Engineer,"Cincinnati, OH"
https://stackoverflow.com/jobs/500206,GO Developer,"Hoofddorp, Netherlands"
https://stackoverflow.com/jobs/532848,Golang Developer - REMOTE WORK,No office location
https://stackoverflow.com/jobs/532907,Senior Go (Golang) Developer (m/f/d),"Frankfurt am Main, Deutschland"
https://stackoverflow.com/jobs/530528,,Go Developer (Remote),Go backend software engineerNo office locationr
No office location
anager,No office l,Software Engineer ,Senior GoLang Developer,No office location
https://stackoverflow.com/jobs/244993https://stackoverflow.com/jobs/129002t,Engineering ManagerGo Developers,No office location
No office location
https://stackoverflow.com/jobs/518174,Golang Engineer,"Kyiv, Ukraine"
https://stackoverflow.com/jobs/523359,Go Engineer for Distributed Systems (Ukraine & Turkey),No office location
Developer Stack Online Storage,"Leide,Golang Developer,No office location
https://stackoverflow.com/jobs/287208,GO Software Engineer,"Chicago, IL"
ta, GA"
https://stackoverflow.com/job,Senior Go Backend Developer (m/f/x),No office location
https://stackoverflow.com/jobs/530973,Go developer,No office location
https://stackoverflow.com/jobs/524104,Android Engineer,No office locationhttps://stackoverflow.com/jobs/526036s,Senior Blockchain Engineer,No office location
https://stackoverflow.com/jobs/534461,Ruby & Go Developer (Remote),No office location
https://stackoverflow.com/jobs/525823,Golang Software Engineer,No office location
ny"
Senior Staff Software Engineer, IdentityNow","Austin, TX"
https://stackoverflow.com/jobs/529913,Senior Android Developer,https://stackoverflow.cohttps://stackoverflow.com/jobs/518798,Senior Blockchain iOS Engineer,No office location
https://stackoverflow.com/jobs/519108,s://stackoverflow.com/jobs/534266,So,,Senior DevOps En,No office locationl"w.com/jobs/508329,
Boston, MA Engineer (m/f/x),No officeA
ckland, New Zeal
nd"
https://stackoverflow.com/jobs/505637,Lead Backend Developer / Go (m/f/x),No office location
"https://stackoverflow.com/jobs/504962, Remote)",ny"
https://stackoverflow.com/jobs/51,"Berlin, Germany"
https://stackoverflow.com/jobs/534721,No office locationow.com/jobs/532848Cloud Platform Engineer,No office location
Golang Developer - REMOTE WORK,No office location
Web Engineer,No office location
https://stackoverflow.com/jobs/529523,Go Developer,No office location
"https://stackoverflow.com/jobs/517133,Go DeveloperS"te Reliability Engineer - OneID (UK only, 100% remote)","https://stackover"
ow.com/jobs/534033498,,No office location
https://stackoverflow.com/jobs/532907,Go backend software engineer,No office location
https://stackoverflow.com/jobs/528768,GO Software Engineer,"Chicago, IL"
https://stackoverflow.com/jobs/454973,Go Engineer for Distributed Systems (Ukraine & Turkey),No office location
https://stackoverflow.com/jobs/523359,Golang Developer,No office location
https://stackoverflow.com/jobs/244993,Engineering Manager,No office location
https://stackoverflow.com/jobs/524104,Senior Blockchain Engineer,No office location
/ Ingénieur QA,"Marseille, France"
hhAndroid Engineerflow.com/jobs/512015S,No office location
Frankfurt am Main, Deutschland"
https://stackoverflow.com/jobs/534461,Ruby & Go Developer (Remote),No office location
https://stackoverflow.com/jobs/287208,Senior Go Backend Developer (m/f/x),No office location
https://stackoverflow.com/jobs/506058,(Senior) Go Backend Developer (m/f/d),"Hamburg, Deutschlahttps://stackoverflow.com/jobs/453434,Golang Engineer,No office location
location
on
"
ldorf, Deutschland"
any"
https://stacko,Go developer,No office location
https://stackoverflow.com/jobs/500206,ocation
https://stackoverflow.com/jo,Senior Golang EngineerS,London, UK,"Hoofddorp, Netherlands"
https://stackoverflow.com/jobs/524105,Web Engineer,No office location
https://stackoverflow.com/jobs/506058https://stackoverflow.com/jobs/517133e,Go DeveloperBackend Developer (m/f/d),verflow.com,""Hamburg, DeutschlandS
"
https://stackoverflow.com/jobs/453434,Golang Engineer,No office location
https://stackoverflow.com/jobs/530301,Senior GoLang Software Engineer,"Cincinnati, OH"
https://stackoverflow.com/jobs/500206,GO Developer,"Hoofddorp, Netherlands"
https://stackoverflow.com/jobs/532848,Golang Developer - REMOTE WORK,No office location
https://stackoverflow.com/jobs/532907,Senior Go (Golang) Developer (m/f/d),"Frankfurt am Main, Deutschland"
https://stackoverflow.com/jobs/530528,,Go Developer (Remote),Go backend software engineerNo office locationr
No office location
anager,No office l,Software Engineer ,Senior GoLang Developer,No office location
https://stackoverflow.com/jobs/244993https://stackoverflow.com/jobs/129002t,Engineering ManagerGo Developers,No office location
No office location
https://stackoverflow.com/jobs/518174,Golang Engineer,"Kyiv, Ukraine"
https://stackoverflow.com/jobs/523359,Go Engineer for Distributed Systems (Ukraine & Turkey),No office location
Developer Stack Online Storage,"Leide,Golang Developer,No office location
https://stackoverflow.com/jobs/287208,GO Software Engineer,"Chicago, IL"
ta, GA"
https://stackoverflow.com/job,Senior Go Backend Developer (m/f/x),No office location
https://stackoverflow.com/jobs/530973,Go developer,No office location
https://stackoverflow.com/jobs/524104,Android Engineer,No office locationhttps://stackoverflow.com/jobs/526036s,